ISIN,1999,2000,2001,2002,2003,2004,2005,2006,2007,2008,2009,2010,2011,2012,2013,2014,2015,2016,2017,2018,2019,2020,2021,2022,2023,2024,2025
AN8068571086,,,,,,,,,1120000.0,1218000.0,1315000.0,1610000.0,1761333.0,2200000.0,1790000.0,2100000.0,1400000.0,1136000.0,1358000.0,1422000.0,1668000.0,1424000.0,1369000.0,1483000.0,1012000.0,990000.0,990000.0
CA00208D4084,,,,,,,,,399173.5,416992.2,429854.4,537507.0,506467.0,572777.0,642890.0,763457.0,727207.0,641337.0,685432.0,636614.0,505159.0,516128.0,1819007.0,1827985.0,1827985.0,1827985.0,1827985.0
CA0084741085,,,,,,,,16329.0,16329.0,16329.0,86982.0,236541.0,281398.0,302265.0,297138.0,317349.0,337190.0,325922.0,335519.0,332437.0,447915.0,764965.0,891841.0,1117861.0,1150541.0,1119142.0,1119142.0
CA00900Q1037,,,,,,,,,251.0,251.0,238.0,7103.0,7202.0,4863.0,4580.0,3680.0,434.0,778.1,778.1,778.1,778.1,778.1,778.1,778.1,778.1,778.1,778.1
CA01626P1484,,,,,,,,,,,,,,,,,,11060.9,11318.7,18316.7,26764.8,26001.8,25697.0,31548.0,121557.0,173458.0,175302.0
CA05534B7604,,,,,,122392.0,150562.0,136821.0,150821.0,139817.0,95374.0,83761.0,85598.0,99151.0,106426.0,140160.0,133570.0,128880.0,134760.0,137030.0,148890.0,142996.0,139187.0,134288.0,138759.0,125729.0,125729.0
CA0636711016,,,,,,,,30947.0,21163.0,15899.0,20060.0,16545.66,21150.5,20932.55,24226.0,26041.0,22734.0,37837.0,38065.0,42883.0,45672.0,31621.0,33661.0,34083.0,38197.0,33090.0,33090.0
CA0641491075,,,,,,,,,,14187.0,15884.0,17560.0,15027.0,16310.0,17426.0,21641.0,15314.0,12409.0,15527.0,15729.0,24303.0,22278.0,22493.0,28797.0,27402.0,25475.0,25475.0
CA0977518616,,,,,,,,,,,,156533.0,153643.0,147769.0,155483.0,159712.0,154820.0,138906.0,137174.0,148927.0,78100.0,68800.0,71100.0,69700.0,66000.0,61800.0,61800.0
CA1247651088,,,,,,,,959.0,959.0,959.0,959.0,605.0,488.0,490.0,618.0,669.0,761.0,761.0,18625.0,28424.0,19699.0,21998.0,20996.0,20039.0,22115.0,20900.0,17804.0
CA12532H1047,,,,,,,,,,,,,,32458.0,29779.0,27506.0,27506.0,27506.0,27506.0,27506.0,23959.0,18714.0,14761.0,16856.0,17292.0,16710.0,13022.0
CA13321L1085,,,,,,,,,,,170465.0,163891.0,188073.0,195257.0,193000.0,198136.0,184000.0,159288.0,143000.0,123359.0,104320.0,101723.0,100646.0,122019.0,128673.0,131381.0,131381.0
CA1360691010,,,,,,12884.0,11534.0,10312.0,11553.0,35015.0,35827.0,30634.0,23360.0,21079.0,22086.0,22086.0,22086.0,24700.0,20623.0,23474.0,24727.0,22252.0,21017.0,22157.0,21321.0,19410.0,19410.0
CA1363751027,,,,,,,,4460052.36,4556868.52,4329739.96,4236310.0,4584604.0,4811875.0,5074281.0,5087946.0,5534058.0,5368257.0,5064024.0,5499641.0,5776183.0,5771270.0,5213652.0,5113920.0,5040996.0,4968856.0,4838442.0,4838442.0
CA1363851017,,,,,,,10910000.0,11860000.0,12074700.0,12870000.0,15430000.0,16892972.0,14830000.0,18240000.0,17120000.0,19440000.0,19780000.0,18780000.0,21030000.0,21970000.0,22120000.0,23810000.0,23150007.0,23243129.0,23243129.0,23243129.0,23243129.0
CA13646K1084,,,,,,,,3307900.0,3307900.0,3307900.0,2868232.0,3251161.0,3495877.0,3376582.84,3302000.0,3194000.0,3094000.0,2797000.0,2883000.0,3052000.0,3136000.0,2988000.0,2952000.0,3008855.0,4635700.0,4645263.0,4645263.0
CA1366812024,,,,,,,,,,,,32256.0,42209.0,39688.0,45358.0,48041.0,48200.0,44345.0,49242.0,53022.0,53605.0,121160.0,125908.0,66299.0,66898.0,66898.0,66898.0
CA1367178326,,,,,,,,,,,18174777.0,18174777.0,18174777.0,18174777.0,18174777.0,18174777.0,18174777.0,18174777.0,18174777.0,10796000.0,8306000.0,859000.0,734000.0,776000.0,682000.0,696000.0,696000.0
CA2849025093,,,,,,,,,,,,,44524.5,104816.0,104816.0,104816.0,82700.0,67268.0,69152.0,44687.0,53773.0,91942.0,121571.0,111083.0,102844.0,110424.0,110424.0
CA2918434077,,,,,,,,,,,,,,,,,,,,,396685.0,389840.0,453730.0,360880.0,400460.0,336560.0,336560.0
CA29250N1050,,,,353000.0,343000.0,325000.0,1986000.0,342000.0,326947.0,3104345.0,3372000.0,1733000.0,1641028.0,3091100.0,2698000.0,2285000.0,2206000.0,2445000.0,10214000.0,10042000.0,6962000.0,6853000.0,7431000.0,7715000.0,7480000.0,7532000.0,7532000.0
CA2927661025,,,,,,,,,,,700153.0,471117.0,548453.0,612763.0,616536.0,858929.0,696953.0,519701.0,695113.0,805248.0,954520.0,628686.0,941897.0,838199.0,838199.0,838199.0,838199.0
CA3180714048,,,,,,,,,,,23770.0,10000.0,42581.0,42317.0,42317.0,42317.0,42317.0,42317.0,60864.0,62511.0,59538.0,66129.0,65935.0,70120.0,70151.0,71248.0,71248.0
CA3359341052,,,,,,,,131341.0,185543.0,283812.0,256900.0,312900.0,581300.0,857000.0,1055584.0,1197118.0,1214000.0,1241000.0,1450000.0,1612000.0,3272000.0,3765000.0,3829000.0,4017000.0,3667000.0,1700000.0,1700000.0
CA3495531079,,,,,,,,,,,,,,,,10182937.0,10769000.0,11154000.0,10380000.0,11140000.0,12308000.0,10418000.0,9742000.0,8748000.0,8155000.0,8069000.0,8069000.0
CA3518581051,,,,,,,,,,,,,,,,,,,0.0,0.0,0.0,0.0,0.0,0.0,0.0,0.0,0.0
CA3759161035,,,,,,,,,221128.0,244656.0,214178.0,226681.0,195313.0,175698.0,119145.0,94849.0,94602.0,117147.0,128553.0,118284.0,97059.0,79916.0,91095.0,120838.0,102244.0,126920.0,126920.0
CA39138C1068,,,,,,,,,,,,,,,,,15706.0,17602.0,17817.0,18821.0,22222.0,16359.0,6649.93,8861.15,7499.71,7499.71,7499.71
CA4495861060,,,,,,,,,,,,,,1632.0,2312.0,1750.0,469.0,655.0,781.0,1072.0,977.0,632.0,468.0,617.0,593.0,639.0,639.0
CA4530384086,,,,10247349.0,10247349.0,10954064.0,10900000.0,10900000.0,10600000.0,10300000.0,9800000.0,10100000.0,10300000.0,9900000.0,10100000.0,10670000.0,12330000.0,12400000.0,12570000.0,12550000.0,12610000.0,13000000.0,22700000.0,23200000.0,23200000.0,23200000.0,23200000.0
CA45823T1066,,,,,,,,,,,5300.0,5203.0,5715.0,6459.0,6969.0,6865.0,5276.0,9685.0,7385.0,7415.0,7211.0,6876.0,15854.0,17380.0,17865.0,17865.0,17865.0
CA4969024047,,,,,,,,,,,399000.0,442000.0,652000.0,770000.0,793000.0,635839.5,573853.7,614422.7,983000.0,1057000.0,1100115.0,1080808.0,1121586.0,1038800.0,1017651.0,1078439.0,1078439.0
CA5394811015,,,,,,,,,,,,,,,,486205.0,526765.78,497133.65,494369.94,481630.86,460458.29,826921.0,766856.0,752306.0,726052.0,687940.0,687940.0
CA5592224011,,,,,,,,,,,204861.0,334000.0,337383.0,358027.0,358027.0,358027.0,358027.0,358027.0,358027.0,358027.0,358027.0,358027.0,436267.0,433636.0,424561.0,418963.0,418963.0
CA56501R1064,,,,,,,,,15957.0,15322.0,16021.0,16021.0,16021.0,14000.0,19000.0,20000.0,19000.0,19000.0,464258.0,705994.0,714636.0,555933.0,162749.0,121418.0,140202.0,123897.0,123897.0
CA59151K1084,,,,,,,3220000.0,3190751.0,2254335.0,1803468.0,2494656.0,2515457.0,2282700.0,2964407.0,2964407.0,3567182.0,3674861.0,4685864.0,4791255.0,4719314.0,4879000.0,4803866.0,4621200.0,4530536.0,4562474.0,4418956.0,4418956.0
CA59162N1096,,,,,,,,,,,,,,,,,,,,,,270761.0,281198.0,266632.0,270469.8,264354.3,264354.3
CA67077M1086,,,,,,,,,,,,,,,,,,,,11190000.0,10400000.0,10430000.0,11050000.0,10270000.0,9540000.0,9450000.0,9450000.0
CA6744822033,,,,,,32000.0,59000.0,251000.0,251000.0,251000.0,2178151.0,2121984.0,2211935.0,2080122.0,2080122.0,2080122.0,2080122.0,2080122.0,2080122.0,2080122.0,242635.0,260832.0,278295.0,331795.0,331795.0,331795.0,331795.0
CA68272K1030,,,,,,,,,,,,,,,,,,,,,,,651.0,441.0,352.11,208.44,208.44
CA6837151068,,,,,,,,,,,,,,,,,,,,,2345.0,2590.0,2807.0,2616.0,5381.0,4938.0,4376.0
CA7392391016,,,,,,,,,,,,1983.74,2051.24,1879.13,21000.0,27069.0,22365.0,22005.0,24019.0,17013.0,18565.0,9994.0,10049.0,12139.0,10379.05,10379.05,10379.05
CA74022D4075,,,,,,,,,,,,,,,,,,,,,13400.0,9500.0,11500.0,12400.0,12500.0,15000.0,15000.0
CA7669101031,,,,,,,,,,,,,,,,,,,,,7425.0,7740.0,7588.0,8489.0,7660.0,7128.0,7128.0
CA7751092007,,,,,,,,,,44344.64,38861.0,36443.0,37559.0,34945.0,36885.0,38197.0,33558.0,32132.0,31297.0,34395.0,33300.0,29456.0,27398.0,29160.0,43538.0,43538.0,43538.0
CA7800871021,,,,,,,10635.0,8554.0,11336.0,27619.0,33482.0,33136.0,33136.0,32046.0,35905.0,35127.0,25640.0,23230.0,24676.0,24821.0,24814.0,23720.0,21089.0,22840.0,23873.0,23090.0,23090.0
CA8029121057,,,,,,,,,,,,316876.0,280503.0,286189.0,289006.0,289006.0,289006.0,289006.0,381618.0,407267.0,500133.0,546195.0,528089.29,526478.95,520783.57,509543.0,509543.0
CA82028K2002,,,,,,,,,,,,,,,,,,,,,21965.0,18181.0,18181.0,18181.0,18181.0,18181.0,18181.0
CA8239011031,,,,,,,,,,,,,,,,,1970000.0,1938000.0,1856000.0,1735000.0,1737000.0,1396000.0,2420849.39,3627512.54,3962217.3,3962217.3,3962217.3
CA85472N1096,,,,,,,,,,,8646.0,10792.0,7671.0,11328.0,11032.0,11734.0,11734.0,11734.0,9585.0,10333.0,14791.0,13477.0,14014.0,12502.0,15136.0,12257.0,12257.0
CA8667961053,,,,,,,,,32778.0,32844.0,33522.0,31075.0,31682.0,30342.0,31474.0,31381.0,27746.0,27260.0,23214.0,21773.0,20929.0,13850.0,13532.0,50211.0,44883.0,45601.0,45601.0
CA8672241079,,,,,9839000.0,10509000.0,9619000.0,11207000.0,11431000.0,10783000.0,16394417.0,17039586.0,16600796.0,18608320.0,18982272.0,17073028.0,19106730.0,19106730.0,18509000.0,20576955.0,21432133.0,19564862.0,20157864.0,33515277.0,33515277.0,33515277.0,33515277.0
CA87807B1076,,,,,8400000.0,8400000.0,10064301.0,10064301.0,10064301.0,10064301.0,12400000.0,12400000.0,12064325.0,12186545.0,12145121.0,12700000.0,13000000.0,16118000.0,12500000.0,13749000.0,18284000.0,18172000.0,19352000.0,21132249.0,20902216.0,22350809.0,22350809.0
CA8787422044,,,,,,,,,1602000.0,2649000.0,2350000.0,2711000.0,2655347.0,2889000.0,2722000.0,2723000.0,2551000.0,2817000.0,3128000.0,3036000.0,3113000.0,2725000.0,2949000.0,2822000.0,3032000.0,825000.0,825000.0
CA87971M1032,,,,,,,84130.0,78040.0,70000.0,73000.0,78000.0,88165.0,85673.0,82101.0,80954.0,83503.0,75720.0,76736.0,68931.0,65039.0,61215.0,53002.0,51075.0,50689.0,48366.0,48366.0,48366.0
CA8849038085,,,,,,,,,,,,,19824.0,19824.0,7773.0,8094.0,6925.0,6500.0,7000.0,5600.0,7100.0,3800.0,3938.83,4164.3,3973.49,5670.81,5670.81
CA8911605092,,,,,,,,,,,46842.0,42464.0,47265.0,43581.0,48875.0,57811.0,53680.0,47652.0,46415.0,53270.0,51938.0,44734.0,40227.0,43021.0,40346.0,39292.0,39292.0
CA89346D1078,,,,,,42613200.0,42613200.0,42613200.0,42613200.0,42613200.0,37557721.0,37333328.0,28482086.0,26392600.0,30417500.0,34724400.0,31902700.0,30381300.0,29624500.0,20596000.0,20471000.0,16300000.0,12446737.0,10179000.0,10871000.0,9497000.0,9497000.0
CA8959451037,,,,,,,,,,,,366102.32,289059.7,302230.3,302230.3,302230.3,302230.3,302230.3,302230.3,302230.3,302230.3,302230.3,160927.0,153102.0,153349.0,188199.0,188199.0
CA9611485090,,,,,,,,,,,,,,,,,,,,,8200.0,832121.0,772256.0,757606.0,731352.0,693090.0,693090.0
CA98462Y1007,,,,,,,,,,102950.03,174565.0,184677.91,263190.83,218362.0,232807.0,234316.0,197168.0,250691.0,200859.0,279414.0,90692.0,87476.0,91897.0,91897.0,91897.0,91897.0,91897.0
GB0022569080,,,,,,,,,,,,17810.0,9520.0,16070.0,17144.0,16090.21,1139.0,959.0,1607.0,1087.0,1929.0,2026.0,2175.0,1327.0,1142.0,1455.0,1455.0
GB00BMXNWH07,,,,,,,,,,,,,,,,832845.0,625829.0,985384.0,918439.0,954944.0,1063925.0,960593.0,449119.0,597706.0,858065.0,871060.0,871060.0
IE00BWT6H894,,,,,,,,,,,,,,,,,,4347.0,4075.0,4350.0,1668.0,483.0,854.0,1196.0,4518.0,4319.0,4319.0
LR0008862868,,,,,,,,,,,,4327349.0,4290865.0,4417173.0,4337542.0,4404403.0,4446098.0,4465268.0,4242239.0,4369021.0,4820278.0,2493579.0,2579274.0,4979842.0,5375318.0,5696852.0,5696852.0
PA1436583006,,,,,,,,,9858164.0,9915595.0,10264098.0,10700267.0,10949844.0,10819814.0,10551667.0,10319475.0,10320700.0,10491277.0,10642209.0,10647189.0,10722894.0,6268752.0,4408905.0,8538503.0,9610000.0,9679739.0,9679739.0
US0010551028,,,,,,,,,7178.0,7178.0,3857.0,4352.0,4585.0,3884.0,3884.0,3884.0,3884.0,3884.0,4038.0,3200.0,4050.0,2093.0,2038.0,2633.0,3499.0,3499.0,3499.0
US0010841023,,,,,,,,,,,,,,,,,,,31000.0,36000.0,24000.0,50269.0,58342.0,80618.0,79541.0,64279.0,64279.0
US00130H1059,,,,,,,,,,83800000.0,74121544.0,77200000.0,74010712.0,78912213.0,75863000.0,79630000.0,70339000.0,70457000.0,64527000.0,54154000.0,45611000.0,42961000.0,40612000.0,39931000.0,33401000.0,27779000.0,27779000.0
US00206R1023,,,,,,,,,,,1170232.0,1105250.0,1007201.0,948441.0,1007211.0,1130000.0,1033821.0,1064111.0,1048690.0,1019696.0,990955.0,1044751.0,997129.0,917036.0,643346.0,544335.0,544335.0
US0028241000,,,,,,810115.0,937000.0,907000.0,936000.0,913000.0,901000.0,886000.0,528000.0,518000.0,454000.0,480000.0,514000.0,527000.0,530000.0,535000.0,540000.0,499000.0,536000.0,530000.0,510000.0,502000.0,502000.0
US0028962076,,,,,,,,,,,,7715.0,7487.0,8091.0,6754.0,6754.0,6754.0,6754.0,6754.0,6754.0,6754.0,6754.0,6754.0,6754.0,8615.0,8275.0,8275.0
US00507V1098,,,,,,,,,,,,,,,,,,,,,,,1300.0,2892.0,2892.0,2892.0,2892.0
US00724F1012,,,,,,,,,,3241.0,2793.0,3642.0,3109.0,2744.0,6270.0,12943.0,13693.0,11082.0,11361.0,12119.0,11817.0,9598.0,4911.0,6568.0,7649.0,7649.0,7649.0
US00737L1035,,,,,,,,,,,,,,,,,,,,,,,,,,434.0,434.0
US00751Y1064,,,,,,,,,,,,,,,,,,,,,271541.0,78926.0,105649.0,92822.0,92822.0,92822.0,92822.0
US0079031078,,,,,,471643.0,373985.0,53460.0,33949.0,22774.0,36319.0,26594.0,44855.0,15620.0,9591.0,3497.0,3480.0,3005.0,4076.0,3207.0,3358.0,6412.0,6487.0,8145.0,10008.0,12419.0,12419.0
US0082521081,,,,,,,,,,,33942.0,33942.0,33942.0,33942.0,33942.0,33942.0,33942.0,33942.0,326.0,277.0,207.0,280.0,293.0,601.0,245.0,245.0,245.0
US00846U1016,,,,,,,,,25481.0,13700.0,13000.0,10700.0,10442.0,14000.0,14400.0,13100.0,9300.0,6700.0,8195.0,7518.0,9192.0,10961.0,11447.0,11732.0,20460.0,20460.0,20460.0
US0091581068,,,,,,,8255381.13,11000000.0,13210000.0,13340000.0,12650000.0,14400000.0,14440000.0,14767209.0,14970000.0,15880000.0,14300000.0,15300000.0,16500000.0,16500000.0,16600000.0,17100000.0,16000000.0,15900000.0,16900000.0,16900000.0,16900000.0
US00971T1016,,,,,,,,,,,15.0,70.0,120.0,286.0,356.0,346.0,0.0,3.0,0.0,0.0,10.0,38.0,62.0,14.0,54.0,54.0,54.0
US0126531013,,,,,,,,,760000.0,738000.0,622000.0,533000.0,706000.0,752000.0,747000.0,705000.0,705000.0,705000.0,705000.0,575000.0,607000.0,585000.0,605000.0,618000.0,728000.0,753000.0,753000.0
US0152711091,,,,,,,,,,,,,,,,,,,,65728.0,64731.0,69093.0,86124.0,106768.0,104025.0,108507.0,108507.0
US01741R1023,,,,,,,,,,,,,,,,,,,,506660.0,506660.0,506660.0,506660.0,415370.0,401515.0,430738.0,430738.0
US0185811082,,,,,,,,,,,,,,2331.0,2325.0,1935.0,2482.0,1947.0,2275.0,2331.0,2266.0,1120.0,1493.0,1371.0,1147.0,933.0,933.0
US0188021085,,,,,,,21300000.0,20900000.0,20900000.0,20900000.0,20900000.0,18719000.0,18781755.0,25126600.0,25126600.0,25126600.0,16707388.0,14478826.0,16450399.0,17598424.0,14280935.0,12590445.0,15682844.0,13212017.0,13609982.0,13609982.0,13609982.0
US0200021014,,,,,,,,,,,37094.0,35504.0,32500.0,40796.0,50298.0,52690.0,55709.0,56521.0,53818.0,45966.0,39230.0,20849.0,20932.0,22197.0,19468.0,19468.0,19468.0
US02079K3059,,,,,,,,,,,,11126.0,29563.0,37187.0,41373.0,51802.0,66991.0,66218.0,66549.0,63500.0,81900.0,55800.0,64100.0,91200.0,79400.0,73100.0,73100.0
US02209S1033,,,,,,,,,,398232.0,268602.0,278661.0,284260.0,284388.0,274967.0,202085.0,192293.0,170442.0,167695.0,162162.0,154507.0,139868.0,129087.0,123892.0,118646.0,118646.0,118646.0
US0231351067,,,,,,,,,,,,,,,,,,,,4980000.0,5760000.0,9620000.0,12110000.0,13020000.0,14220000.0,15130000.0,15130000.0
US0236081024,,,,,,,,,,,62861698.0,67068709.0,67790120.0,55182550.0,32978295.13,30674952.0,28459053.0,26712469.0,30114577.0,29503098.0,24314880.0,25759240.0,27981535.0,24745347.0,19669523.0,19669523.0,19669523.0
US0255371017,,,,173839759.0,173839759.0,173839759.0,146509428.33,145400000.0,156300000.0,148200000.0,136602600.0,138294800.0,135671200.0,121927400.0,115300000.0,122700000.0,102500000.0,93000000.0,78760420.0,75361246.0,64776308.0,49642532.0,56179500.0,51192510.0,43351137.0,46900437.0,46900437.0
US02553E1064,,,,,,,,,,,,,,,,,,,,,9953.0,11784.0,10340.0,11803.0,12343.0,10143.0,10143.0
US0258161092,,,,,,,,9082.05,9082.05,9082.05,9082.05,32504.0,35313.09,23371.0,36158.0,35503.0,27352.0,25438.0,24162.0,23981.0,24363.0,22029.0,17754.0,21756.0,28952.0,21817.0,21817.0
US0268747849,,,,,,,,62822.0,75040.0,75040.0,75040.0,75040.0,75040.0,75040.0,75040.0,75040.0,75040.0,582.0,265.0,265.0,17121.0,6156.0,17015.0,7774.0,8364.0,8364.0,8364.0
US03027X1000,,,,,,,,,,,5536.0,5819.79,5819.79,5819.79,5819.79,5819.79,5819.79,5819.79,650755.0,722546.0,680335.0,635108.0,636157.0,628716.0,606970.0,606970.0,606970.0
US03073E1055,,,,,,,,,,,,,,,,,9152.0,32942.0,37500.7,37476.78,109727.0,33361.61,112936.75,124045.11,108712.0,135087.0,135087.0
US03076C1062,,,,,,,,,,,,,,,,,,,,,7687.0,6564.0,7165.0,5899.0,5534.0,5435.0,5435.0
US0311001004,,,,,,,,,,,,,,,,,,,,,28400.0,25600.0,26800.0,27000.0,31300.0,29745.54,29745.54
US0311621009,,,,,,,93867.0,100986.0,122421.0,110250.0,107446.0,135800.0,127000.0,119000.0,126231.0,119499.0,126958.0,117637.0,163309.0,159700.0,135954.0,138957.0,133084.0,130291.0,152710.0,147000.0,147000.0
US0320951017,,,,,,,,,,,,,,,,,,,38288.0,38276.0,39854.0,31283.0,38057.0,43881.0,41395.0,42271.0,42271.0
US0326541051,,,,,,,,,55200.0,60338.0,48250.0,34933.0,38151.0,31380.0,30112.0,31603.0,31603.0,31603.0,31603.0,31603.0,162740.0,168487.0,167937.0,176000.0,138384.9,99455.0,99455.0
US0367521038,,,,,,,,,,,9617.0,7151.0,7712.0,7460.0,7460.0,7460.0,7460.0,7460.0,6010.0,11151.0,17050.0,12298.0,11800.0,15725.0,18854.0,14390.0,14390.0
US03743Q1085,,,,,,,,,,,10985000.0,9860000.0,11760000.0,8940000.0,7650000.0,4210000.0,3070000.0,3370000.0,6890000.0,7580000.0,7300000.0,6290000.0,6255000.0,5679000.0,5962000.0,5962000.0,5962000.0
US0375981091,,,,,,,,,,,,,,,,,,,,,,,,,35024.0,35024.0,35024.0
US0378331005,,,,,,,,,,,24476.0,24476.0,17025.0,16117.0,47552.0,56722.0,28103.0,34370.0,47050.0,54590.0,52730.0,47430.0,55200.0,55200.0,55200.0,55200.0,55200.0
US0382221051,,,,,,,18288.0,13724.0,13724.0,13724.0,25740.0,30000.0,19500.0,43207.0,43207.0,43207.0,43207.0,43207.0,36500.0,38500.0,35225.0,36678.0,42396.0,48633.0,49053.0,50775.0,50775.0
US0383361039,,,,,,,,,,,,,,,,17476.0,18828.0,15941.0,17608.0,20518.0,23022.0,20329.0,23274.0,25790.0,24660.0,24805.0,24805.0
US03940R1077,,,,,,,,,,,,,,,10561000.0,7757000.0,7977000.0,6136000.0,6086000.0,5693000.0,5357000.0,4633000.0,4518000.0,4950000.0,4950000.0,4950000.0,4950000.0
US0394831020,,,,,,,,,,,,,,,,,,14276000.0,14612000.0,14523000.0,14300000.0,13500000.0,13700000.0,13500000.0,12600000.0,12300000.0,12300000.0
US0427351004,,,,,,,,,,,,,,,,,,,,,,,13058.0,13351.0,13300.0,13300.0,13300.0
US0441861046,,,,,,,,681000.0,681000.0,681000.0,689000.0,639000.0,453000.0,724000.0,640000.0,640000.0,510000.0,444000.0,427861.0,467377.0,453840.0,342691.0,332256.4,331192.0,331192.0,331192.0,331192.0
US0454871056,,,,,,,,,,,,,,,,,,,,,5451.0,4544.0,4727.0,5815.0,4081.0,3558.0,3558.0
US04621X1081,,,,,,,,,,,,,,,,,,,1557.0,948.0,1019.0,1128.0,2132.0,1505.0,1342.0,1282.0,1282.0
US0527691069,,,,,,,,,,2561.35,4250.0,990.0,990.0,3140.0,2160.0,2480.0,2330.0,2040.0,1880.0,2270.0,2650.0,983.0,867.0,589.0,1060.0,555.0,555.0
US0530151036,,,,,,,,,,,,20026.0,18000.0,17300.0,15500.0,15500.0,15500.0,15500.0,15500.0,7972.0,15114.0,23449.0,21760.0,11911.0,11911.0,12703.0,12703.0
US0533321024,,,,,,,,,,,,,,,,,,,,,249305.0,228462.0,237585.0,253026.0,257975.0,268476.0,268476.0
US0534841012,,,,,,,,,,,,,,42820.0,17729.0,17601.0,17478.0,17913.0,19008.0,19816.0,22568.0,15683.0,15402.0,20538.0,19700.0,21335.0,21335.0
US0536111091,,,,,,,,,,,170904.0,173779.0,175780.0,160558.0,160558.0,160558.0,160558.0,160558.0,160558.0,160558.0,196000.0,207000.0,201000.0,264000.0,230000.0,238000.0,238000.0
US0537741052,,,,,,,,,,,,,,,,,,,,6827371.0,6827371.0,4920349.0,4916937.0,5672858.0,6349360.0,6349360.0,6349360.0
US0538071038,,,,,,,,,,,,,,,45856.0,19418.0,21423.0,19143.0,4843.0,5233.0,4087.0,6407.0,6866.0,6556.0,8219.0,8204.0,8204.0
US0565251081,,,,,,,,,,,,,,,,,,,,,,2418.8,2337.0,2533.0,2431.4,1988.1,1988.1
US0584981064,,,,,,,340631.0,340168.0,333879.0,316493.0,331282.0,371003.0,364687.0,473643.0,466000.0,462000.0,465000.0,451200.0,452811.0,393784.0,402878.0,417546.0,447156.0,449608.0,398624.0,387349.0,387349.0
US0605051046,,,,,,,,110400.0,114290.0,114290.0,134301.0,141750.0,133854.0,120935.0,116760.0,111233.0,95573.0,84399.0,59451.0,62258.0,62639.0,53390.0,57076.0,66775.0,68050.0,65763.0,65763.0
US0640581007,,,,,,,,,,9925.0,9858.0,9732.0,9490.0,9513.0,9917.0,9917.0,7500.0,9000.0,8265.0,8005.0,8102.0,5919.0,6214.0,7520.0,7147.0,8291.0,8291.0
US0708301041,,,,,,,,22092.0,21827.0,21827.0,33673.0,33673.0,33554.0,29661.0,29939.0,29939.0,29939.0,25079.0,24399.0,26837.0,26627.0,26627.0,19106.0,15522.0,18374.0,17599.0,17164.0
US0718131099,,,,,764000.0,757000.0,743000.0,283000.0,287000.0,289000.0,326000.0,339720.0,336000.0,347000.0,347000.0,377000.0,306000.0,311000.0,302000.0,294000.0,300000.0,313000.0,338000.0,373000.0,351733.0,351733.0,351733.0
US0758871091,,,,76390.0,82845.0,71960.0,69179.0,69179.0,69179.0,86139.0,87184.0,88173.0,81952.0,80258.0,77086.0,74465.0,73881.0,88607.0,110794.0,134615.0,147434.0,152147.0,158978.0,156974.0,166992.0,176565.0,176565.0
US0758961009,,,,,,,,,,,,,,,,,,,,,,22750.0,22750.0,22750.0,22750.0,22750.0,22750.0
US0844231029,,,,,,,,,,,,,,,,,,987.2,930.2,930.2,930.2,930.2,5393.0,7435.0,9371.0,10412.0,10412.0
US0846701086,,,,,,,,,,,,,,,,,,,,,,,,,51447193.3,48782587.03,48782587.03
US0865161014,,,,,,,,,,,,,236170.0,231995.0,209179.0,216634.0,218436.0,219869.0,210547.0,219636.0,237327.0,253880.0,246895.0,257049.0,236269.0,209440.0,185561.0
US0893021032,,,,,,,,,,,,,,,,,,,,,,36235.0,36235.0,36235.0,36235.0,36235.0,36235.0
US09061G1013,,,,,,,,,,,,,,,,,,,,,,15000.0,15000.0,14000.0,14000.0,14000.0,14000.0
US09062X1037,,,,,,,,,,49360.0,49590.0,48760.0,46545.0,46588.0,54126.0,55965.0,60179.0,61926.0,61577.0,68448.0,67031.0,57553.0,63182.0,64867.0,57237.0,56611.0,56611.0
US09073M1045,,,,,,,,,,,,,,,,,,,,,,,2684.0,3781.0,3001.0,2961.92,2961.92
US0936711052,,,,,,,,,,,,,,,,,,,,,,,,18737.0,22028.0,22993.0,22993.0
US0970231058,,,,1360000.0,1300000.0,1300000.0,1300000.0,1300000.0,1300000.0,1300000.0,579000.0,595000.0,718000.0,610000.0,672409.0,684535.0,712140.0,736584.75,1116000.0,1105000.0,613000.0,554000.0,612000.0,642000.0,536000.0,517000.0,517000.0
US09857L1089,,,,,,,,,,,,,,,,,,,3372.0,4811.67,3478.0,3489.0,3170.0,3202.0,3252.0,2268.0,2268.0
US0997241064,,,,,,,,,,,,,,,,,58850.86,58419.0,58928.0,84542.0,75106.0,70584.0,99223.0,81871.0,56755.0,59119.0,59119.0
US1011211018,,,,,,,,,,,,,,,,,10881.0,10839.0,10806.0,11065.0,12704.0,9910.0,12980.0,13394.0,12000.0,12637.0,12637.0
US1011371077,,,,,,,,27000.0,27000.0,27000.0,29500.0,27000.0,27800.0,27800.0,27800.0,27800.0,29000.0,29000.0,34078.0,31257.0,34168.0,35908.0,35395.0,86166.0,82704.0,87567.0,87567.0
US1033041013,,,,,,,,,,,,,,,,,,,,,,,56217.0,69572.0,63257.0,65264.0,65264.0
US1053682035,,,,,,,,,,,,,,,,,,,,7157.0,6750.0,6150.0,7200.0,7086.0,6302.8,8220.0,8220.0
US1096411004,,,,,,,,,,,,,,,,,,,,,126865.0,118763.0,119981.0,133622.0,135780.0,132739.0,132739.0
US1096961040,,,,,,,,,,,,,,,,,,,,,,,265279.0,266540.0,281673.0,279305.0,279305.0
US1101221083,,,,444000.0,469000.0,464000.0,486000.0,450162.0,435000.0,378000.0,312431.0,298000.0,288600.0,247000.0,233000.0,233000.0,210540.0,193870.0,213070.0,203710.0,218200.0,202400.0,192092.0,212280.0,208534.0,206726.0,206726.0
US1124631045,,,,,,,,,,,,,,,,,120634.92,120634.92,120634.92,120634.92,120634.92,120634.92,120634.92,120634.92,120634.92,120634.92,120634.92
US1156372096,,,,,,,154468.0,156933.0,150439.0,99713.7,106499.0,127354.0,125267.0,105100.52,91401.0,100374.0,95681.0,93193.0,94202.0,99581.42,106966.0,115833.4,113930.9,99773.96,127981.3,167650.0,167650.0
US12504L1098,,,,,,,,,,,6098.0,19107.02,20646.19,35214.0,20646.0,34654.0,30928.0,63414.0,46057.0,46069.0,62337.0,63946.0,49818.0,48337.0,55877.0,55877.0,55877.0
US1252691001,,,,,,,,,,,,,,,,,,15406217.0,17600000.0,16700000.0,18300000.0,17900000.0,16200000.0,17100000.0,17100000.0,18800000.0,18800000.0
US12541W2098,,,,,,,,,,,,,,,,,,,,2190.0,2168.0,2045.0,2135.0,3041.0,7508.0,12017.0,12017.0
US1255231003,,,,,,,,4869.0,7754.0,6889.0,6355.0,6355.0,3844.0,8458.0,11737.0,11908.0,12039.0,12039.0,10448.0,10961.0,16671.0,12687.0,12537.0,14566.0,14193.0,14193.0,14193.0
US12572Q1058,,,,,,,,,,,,,,,,,,,,,,180.0,161.0,134.0,309.0,240.0,240.0
US1258961002,,,,,,,,49827849.0,49827849.0,49827849.0,18196261.0,20078076.6,16543015.1,15824200.0,15824200.0,15824200.0,15824200.0,13119357.0,12697813.0,16990389.0,17354830.0,14834761.0,17558176.0,17674826.0,16083829.0,16083829.0,16083829.0
US1264081035,,,,,,,,,,,5785305.0,5214545.0,5397577.0,5268905.0,5251734.0,5512604.0,5300099.0,4774800.0,4706707.0,4648738.0,4309317.0,3815113.0,3956081.0,4080649.0,4239321.0,4259842.0,4259842.0
US12653C1080,,,,,,,,,,,,,13405000.0,11854060.0,8202550.0,7549870.0,6823200.0,1235830.0,2209030.0,481540.0,600510.0,568507.0,653250.0,580013.0,559769.0,559769.0,559769.0
US1266501006,,,,,,,,,,115440.0,156634.0,220888.0,229384.0,201000.0,245608.0,185548.0,215060.0,198047.0,206086.0,177347.0,157199.0,165384.0,188257.0,250022.0,269225.0,261522.0,261522.0
US1270551013,,,,,,,,,,4040000.0,3480000.0,3900000.0,3840000.0,3880000.0,4100000.0,4600000.0,4400000.0,4500000.0,4580000.0,4770000.0,4370000.0,3380000.0,4010000.0,4028397.0,3700000.0,3700000.0,3700000.0
US1270971039,,,,,,,,,,,,,,,,,,,,,2869327.0,1834657.0,1515275.0,1546915.0,1358410.0,1177337.0,1177337.0
US1273871087,,,,,,,,,,,,,,,,,,,,7752.0,6314.0,5951.0,6281.0,7709.0,2853.0,2087.0,2087.0
US1307881029,,,,,,,,,,,,,,,,,3181.0,2970.0,3360.0,3139.0,5274.0,5953.0,8357.0,7941.0,8230.0,8543.0,8543.0
US1331311027,,,,,,,,,,,,,,,,,,,,,59639.0,62488.0,12897.0,15061.0,14626.0,14626.0,14626.0
US1344291091,,,,,,,,,,499149.0,492144.0,468292.0,436335.0,416763.0,437467.0,432900.0,427731.0,403057.0,427564.0,443186.0,434869.0,471188.0,465257.0,461968.0,446423.0,465711.0,465711.0
US14040H1059,,,,,,,,,,,14720.0,14896.0,15166.0,14501.0,14501.0,14501.0,14501.0,14501.0,14501.0,9815.0,11726.0,7951.0,7380.0,7296.0,8610.0,8610.0,8610.0
US14149Y1082,,,,,,,,,,,,113305.0,146611.0,146611.0,151357.0,151357.0,138000.0,143000.0,149000.0,177000.0,172890.0,153000.0,156100.0,167115.0,163044.0,160150.0,160150.0
US1423391002,,,,,,,,,,,,,,,,,,,,,56878.0,54419.0,75288.0,86301.0,72033.0,68717.0,68717.0
US1431301027,,,,,,,,,,,,,,,,,,,,,59103.0,78033.0,82964.0,91650.0,103088.0,141982.0,136393.0
US1491231015,,,,,,,,757681.0,757681.0,757681.0,638000.0,831000.0,831000.0,831000.0,1020000.0,990000.0,890000.0,863000.0,860000.0,940000.0,910000.0,700000.0,740000.0,740000.0,690000.0,680000.0,680000.0
US1508701034,,,,,,4900000.0,4900000.0,4900000.0,4900000.0,4900000.0,4900000.0,4900000.0,4900000.0,4900000.0,4900000.0,4900000.0,4900000.0,4900000.0,4900000.0,4900000.0,1935300.0,2275903.0,2375026.0,2311481.0,2469310.0,2469310.0,2469310.0
US15189T1079,,,,,,,,,,,,19779562.0,19423100.0,17197314.0,20872491.0,22131604.0,20076353.0,18876896.0,18514652.0,6644696.0,6684054.0,5237273.0,7049158.0,4853990.0,5170862.0,5170862.0,5170862.0
US1567821046,,,,,,,,,,,,,,,,,,,,8463.0,8366.0,6480.0,4907.0,4907.0,4907.0,4907.0,4907.0
US1598641074,,,,,,,,,,,,,,,,,,,,89731.0,90392.0,88217.0,90858.0,89258.0,85724.0,85724.0,85724.0
US1651677353,,,,,,,,,,,,,,,,,,,3220000.0,2550000.0,2810000.0,1855982.0,1827307.0,3200000.0,2370000.0,1630000.0,1630000.0
US1667641005,,,,62800000.0,62600000.0,62200000.0,62300000.0,65400000.0,63800000.0,63000000.0,60755989.0,62136044.0,61346995.0,58000000.0,69000000.0,66000000.0,66000000.0,66000000.0,67000000.0,68000000.0,63000000.0,56000000.0,57000000.0,53000000.0,52000000.0,53000000.0,53000000.0
US1699051066,,,,,,,,,,,,,,,,,,,,,,,,6704.86,5289.0,5289.0,5289.0
US1713401024,,,,,,,,,,,,,,,,,,,,89402.0,87583.0,71592.0,71816.0,71535.0,67764.0,70486.0,70486.0
US1717793095,,,,,,,,,,,,,,,,,646.0,973.0,1508.73,1977.56,5060.0,1976.0,2686.0,2501.0,2136.0,1709.0,1709.0
US1720621010,,,,,,,,,,,16658.0,17913.93,17968.92,16989.0,16989.0,16989.0,16989.0,16735.0,17224.0,17337.0,16935.0,12803.0,13597.0,14349.0,13885.0,14273.0,14273.0
US17275R1023,,,,,,,,25465.0,50462.0,50879.0,52560.0,52515.0,60718.0,65832.0,55811.0,49721.0,45562.0,53123.0,41926.0,41171.0,47276.0,38743.0,26694.0,34931.0,40402.0,40402.0,40402.0
US1729081059,,,,,,,,,,,,,,,,,,,,,617012.0,594497.0,518989.0,540452.0,533136.0,540217.0,540217.0
US1729674242,,,,,,,44778.0,44162.72,44865.51,41639.14,51474.0,39120.0,36301.0,32587.0,28229.0,27042.0,25742.0,23141.0,20951.0,27805.0,23160.0,22267.0,48574.0,52311.0,46582.0,53454.0,53454.0
US1773761002,,,,,,,,,,,,,,,,,,,,,3494.0,3336.0,3336.0,3336.0,3336.0,3336.0,3336.0
US1858991011,,,,,,,,,3380000.0,4360000.0,3310000.0,4470000.0,5950000.0,5460000.0,6030000.0,6030000.0,6030000.0,6030000.0,6030000.0,2244489.0,1992294.0,27500000.0,29200000.0,25400000.0,27900000.0,26200000.0,26200000.0
US1890541097,,,,,,,,72000.0,70000.0,74000.0,75000.0,74000.0,68000.0,76000.0,69481.0,73000.0,81000.0,75000.0,77000.0,75000.0,73000.0,64484.0,75164.0,72784.0,65205.0,65504.0,69998.0
US1912161007,,,,,,,1880000.0,1962287.0,1950000.0,1960000.0,346021.0,1900000.0,1800000.0,1850000.0,1840000.0,1700000.0,1700000.0,1600000.0,1780000.0,1790000.0,1830000.0,793460.0,555510.0,533906.0,503287.0,371158.0,371158.0
US1924461023,,,,,,,,,,22981.0,21567.0,28647.0,27829.0,46934.0,22632.0,15644.0,30121.0,34385.0,34385.0,34385.0,15789.0,10542.0,10600.0,9999.0,9420.0,8639.0,8639.0
US1941621039,,,,726000.0,734000.0,734000.0,734000.0,734000.0,734000.0,734000.0,260906.0,267077.0,239524.0,232574.0,232574.0,209000.0,203000.0,203000.0,201600.0,196000.0,198000.0,191000.0,218500.0,195700.0,217800.0,217800.0,217800.0
US20030N1019,,,,,,,,,,,,,,,,,,,,,676422.0,547084.0,519288.0,496938.0,429000.0,429000.0,429000.0
US2003401070,,,,,,,,,,8801.0,8279.0,7508.0,7631.0,6950.0,8019.0,8523.0,7638.0,6608.0,6492.0,6371.0,6304.0,5401.0,5273.0,6242.0,5682.0,5391.0,5391.0
US2017231034,,,,,,,,,,,,,,,,,,,,780194.0,1119442.0,1032359.0,1063751.0,1082528.0,1056191.0,1038806.0,1038806.0
US2058871029,,,,,,,,,1006200.0,1139868.0,1085672.0,1068504.0,1075809.0,380000.0,368000.0,380000.0,422077.92,379870.13,425324.68,418831.17,402672.28,411867.0,427153.0,418751.0,412372.0,490454.0,490454.0
US20825C1045,,,,,,46600000.0,46638835.0,53423160.0,54971190.0,55835078.0,60679122.0,26618645.0,25069352.0,24478555.0,25928475.0,26300000.0,24800000.0,25300000.0,19700000.0,19700000.0,19500000.0,15500000.0,17720000.0,15008000.0,16432000.0,15507000.0,15507000.0
US2091151041,,,,,,,,4936000.0,4807000.0,4196000.0,3796000.0,3922000.0,3381000.0,3307000.0,3362000.0,3204000.0,3184000.0,3093000.0,3015000.0,3068000.0,2907000.0,2741000.0,2786000.0,2815000.0,2676000.0,2587000.0,2587000.0
US21036P1084,,,,,,,,,,,,140338.0,76849.0,72885.0,67717.0,67717.0,67717.0,67717.0,67717.0,237576.0,296979.0,304797.0,306598.0,311104.0,324613.0,276470.0,303607.0
US2172041061,,,,,,,,,,,,,,,,,,,,,,,55400.0,60700.0,78800.0,91800.0,91800.0
US21871N1019,,,,,,,,,,,,,,,,,,,,,,,,36209.0,42148.0,47432.0,47432.0
US2193501051,,,,,,,,,,,,,,,,,,,,,,625019.0,821477.0,773253.0,737593.0,737593.0,737593.0
US22160K1051,,,,,,,,,214188.0,214188.0,369902.0,362802.0,391848.0,391848.0,429980.0,429980.0,429980.0,429980.0,429980.0,429980.0,429980.0,1205620.0,1218381.0,1405640.0,1424357.0,1424357.0,1424357.0
US22410J1060,,,,,,,,,,,,,,,,,,,,,,70152.0,82583.0,85897.0,90153.0,99661.0,99661.0
US2244081046,,,,,,,,,,,,,,,,,,,,,,,,49700.0,14400.0,13140.0,13140.0
US22822V1017,,,,,,,,,,,,,,,,,,,,,16173.0,13979.0,13052.0,13328.0,14332.0,11374.0,11374.0
US2283681060,,,,,,,,,,,368724.28,374485.6,374485.6,374485.6,374485.6,374485.6,332094.24,319119.48,310740.12,306360.0,570367.0,490013.0,545488.0,612909.0,575643.0,562894.0,562894.0
US2310211063,,,,314502.1,318759.0,178578.0,318969.0,338917.0,373872.0,392800.0,208608.0,211957.0,253246.0,254333.0,270096.0,292233.0,292012.0,303944.0,304806.0,298323.0,346122.0,295234.0,315924.0,297271.0,294759.0,347439.0,347439.0
US23331A1097,,,,,,,,,,,,,,,,,,,,,36706.0,50029.0,67256.0,64701.0,80836.0,55300.0,55300.0
US2333311072,,,,,,,,38600000.0,46000000.0,43000000.0,41760000.0,39890000.0,36340000.0,35220000.0,35220000.0,35220000.0,35220000.0,28948987.0,29086400.0,31095792.0,28767039.0,21238469.0,27981000.0,27081000.0,22630000.0,24216000.0,24216000.0
US23355L1061,,,,,,,,,,,,,24293.0,18271.32,13919.0,8882.0,7020.0,8043.0,37047.0,63122.0,52187.0,41423.0,33707.0,27241.0,20999.0,18018.0,18018.0
US2358511028,,,,,,,,,,,,,,,,,,,,141837.09,138341.0,121884.0,135424.0,138390.0,108279.0,109046.0,109046.0
US2371941053,,,,,,,,,,333322.23,349647.0,347655.0,346342.0,347796.0,353387.97,375898.0,375898.0,375898.0,375898.0,375898.0,313827.0,301316.0,277317.0,345316.0,358938.0,375763.0,385847.0
US23918K1088,,,,,,,,,,,,,,,,,,,,36691.0,65988.0,60753.0,66959.0,60589.27,59569.0,59569.0,59569.0
US2441991054,,,,,,,540965.0,539233.0,535862.0,596424.0,497581.0,455171.0,420019.0,440147.0,440147.0,440147.0,440147.0,440147.0,440147.0,386000.0,388500.0,343500.0,403300.0,418200.0,410000.0,353900.0,353900.0
US2473617023,,,,,,,,,,32989898.99,30303030.3,29817878.0,31948708.0,30994534.0,32143943.0,34112774.0,35060117.0,35436856.0,35781842.0,36994401.0,37328421.0,17174905.0,24561256.0,30741000.0,35891846.0,37284766.0,37284766.0
US24790A1016,,,,,,,,,,,,496281.0,496281.0,207109.0,224278.0,375202.0,331498.0,472525.0,772916.0,878749.0,806209.0,777852.0,986556.0,986556.0,986556.0,986556.0,986556.0
US24906P1093,,,,,,,,,,,,,,,,,,,,,9753.0,8501.0,9828.0,9778.0,4640.0,4705.0,4705.0
US25179M1036,,,,,,,,,,,,,7232882.0,7596657.0,7596657.0,7596657.0,7280000.0,5200000.0,2390000.0,2730000.0,2610000.0,3910000.0,3061630.0,4578911.0,4360054.0,4360054.0,4360054.0
US25271C2017,,,,,,,,,,,,,,,,,,,,,,,,318881.0,315785.0,315785.0,315785.0
US2533931026,,,,,,,,,,,,,,,,,19323.0,17071.0,14801.0,20405.0,30028.0,27268.0,26170.0,48012.0,52131.0,52131.0,52131.0
US2546871060,,,,,,,,,546521.0,563134.0,543226.0,550782.0,661493.0,867353.0,895812.0,867935.0,853805.0,866219.0,843195.0,897432.0,909382.0,614971.0,503221.0,901714.0,993347.0,921163.0,921163.0
US25525P1075,,,,,,,,,,,,,,,,,,,,3971.51,3971.51,3971.51,3971.51,3971.51,3971.51,3971.51,3971.51
US25659T1079,,,,,,,,,,,,,,,,,,,,,1167.0,882.0,1109.0,1030.0,975.0,651.0,651.0
US2566771059,,,,,,,,,,,,,,,,,,,,,,507052.0,565598.0,625813.0,658617.0,712806.0,712806.0
US2567461080,,,,,,,,,,,,,,,,,,,,,,,239704.0,220420.0,421840.0,380687.0,380687.0
US25746U1097,,,,,,,64040000.0,57550000.0,61750000.0,59132814.0,59004018.0,56812875.0,42100000.0,36230000.0,39700000.0,39390000.0,35111029.0,37964200.0,30997832.0,36084357.0,31798397.0,32992107.0,31701321.0,30705339.0,29523724.0,29523724.0,29523724.0
US2576511099,,,,,,,,,,,,,,,,,,18076.0,18076.0,18076.0,18076.0,18076.0,25379.0,26864.0,23764.0,23535.0,23535.0
US25960P1093,,,,,,,,,,,,,,,,,,,7418.0,8149.0,9765.0,5960.0,7049.0,6602.0,6773.0,6773.0,6773.0
US2600031080,,,,,,,,,,,,129793.0,147880.0,116471.0,116471.0,116471.0,116471.0,116471.0,116471.0,45985.0,47075.0,39747.0,43114.0,50043.69,54787.0,50757.0,50757.0
US26441C2044,,,,,,69453000.0,107200000.0,105300000.0,111600000.0,107700000.0,84989000.0,90612245.0,85271807.0,134800000.0,134800000.0,134800000.0,134800000.0,134800000.0,134800000.0,95786915.14,84864410.87,75125000.0,79000000.0,78071000.0,73020000.0,73020000.0,73020000.0
US26614N1028,,,,,,,,,,,,,,,,,,,3740080.0,3740080.0,2071644.0,1935183.0,1742029.0,1433816.0,739337.0,496000.0,496000.0
US26875P1012,,,,,,,,,,,222923.0,222923.0,222923.0,222923.0,222923.0,222923.0,222923.0,222923.0,222923.0,5400000.0,5400000.0,4500000.0,5000000.0,5100000.0,5697000.0,6000583.0,6000583.0
US26884L1098,,,,,,,,,,,,,,,1119377.0,884976.0,1219000.0,1500738.0,950484.0,995770.0,879360.0,808351.0,639676.0,683821.0,668626.0,2194597.0,2194597.0
US26969P1084,,,,,,,,,,,,,,,,,,,,,,,,,,5480000.0,5220000.0
US2774321002,,,,,,,,,,,,,,6440000.0,6055992.0,7580000.0,6000000.0,5800000.0,6100000.0,5820940.0,5130068.0,5001259.0,6206603.0,5970870.0,5979372.0,6579760.0,6579760.0
US2774614067,,,,,,,,,1487609.0,1440000.0,1300000.0,1220000.0,1118000.0,985000.0,650000.0,650000.0,650000.0,650000.0,650000.0,27805.0,19880.0,18103.0,14281.0,12018.0,13034.0,13034.0,13034.0
US2786421030,,,,,,,,,,,7036.0,11462.0,15079.0,17361.0,28571.0,41102.0,29811.0,24743.0,28393.0,31101.0,27156.0,16395.0,5543.0,5133.0,6070.0,4951.0,4951.0
US2788651006,,,,,,,,,,,191641.0,188000.0,344369.0,408128.0,414998.0,428499.0,396916.0,394352.0,398822.0,410533.0,411079.0,289636.0,293468.0,301563.0,328901.0,270090.0,270090.0
US2810201077,,,,,,,,,,,,56700000.0,56700000.0,56700000.0,56700000.0,2400000.0,2700000.0,2400000.0,1900000.0,1100000.0,1400000.0,1400000.0,1100000.0,1700000.0,1200000.0,1100000.0,1100000.0
US28176E1082,,,,,,,,,,,,4977.0,5289.0,5656.0,6373.0,5317.0,5446.0,6059.0,10891.0,12659.0,13800.0,14416.0,14390.0,18040.0,16120.0,15682.0,15682.0
US2855121099,,,,,,,,,,,,,,,,,,,,,,,,1900.0,3875.0,3397.0,3397.0
US2910111044,,,,,,,,,,,361454.0,361454.0,361454.0,361454.0,361454.0,208952.0,170617.0,175499.0,120619.0,180612.0,179518.0,171153.0,82456.0,82510.0,71290.0,64976.0,64976.0
US29272W1099,,,,,,,,,,,,,,,,,,,,,39949.32,40308.85,40745.55,33636.94,30423.99,31844.77,31844.77
US29364G1031,,,,36800000.0,38300000.0,35600000.0,33203000.0,38900000.0,40200000.0,35700000.0,30409191.0,33967962.0,34757651.0,34827380.0,34214242.0,34200000.0,31800000.0,35200000.0,33100000.0,36682440.0,34372801.0,32948999.0,35663688.0,39551503.0,35996463.0,43184692.0,43184692.0
US2944291051,,,,,,,,,,,,,,,,,,,,,847.0,800.0,1388.0,1089.0,1172.0,1121.0,1121.0
US29444U7000,,,,,,,,,,,,,,,,10775.0,9110.0,9400.0,14800.0,46700.0,40700.0,55100.0,50700.0,40300.0,29000.0,59400.0,59400.0
US29476L1070,,,,,,,,,,,,,,,,,,,77206.0,81089.0,81083.0,72530.0,70696.0,68855.0,62911.0,62911.0,62911.0
US29670G1022,,,,,,,,,,,,,7779.0,7512.0,8311.5,8311.5,8311.5,8311.5,14383.0,16304.0,503637.0,494835.0,468734.0,489132.0,463065.0,443483.0,443483.0
US2971781057,,,,,,,,,,,,,,,,,,33064.0,34443.0,35331.0,34610.0,31323.0,31016.0,31495.0,31871.0,28969.0,28969.0
US30034W1062,,,,,,,,,,,,,,,,,,18142608.0,16672956.0,29742949.0,26499352.0,23951700.0,26540373.0,27594888.0,23429233.0,23429233.0,23429233.0
US30040W1080,,,,,,,,,,,3497464.0,3543177.0,2611251.0,1733852.0,1733852.0,1733852.0,1733852.0,852585.0,713397.0,207911.0,182483.0,181517.0,177248.0,171270.0,157455.0,153699.0,153699.0
US30161N1019,,,,,,,12618229.0,11277781.0,11277781.0,11277781.0,8720988.0,9245697.0,6600286.0,26038890.0,18781000.0,16754000.0,7677000.0,9723000.0,10200000.0,9526000.0,519000.0,479000.0,467000.0,483000.0,448000.0,448000.0,448000.0
US30212P3038,,,,,,,,,,,,,,,,,,,,,6355.0,8133.0,9575.52,3178.0,3451.0,5534.0,5534.0
US3021301094,,,,,,,,,,,5724.4,5724.4,6220.64,6865.62,6786.0,6238.0,5703.0,12216.47,11012.32,8361.83,6722.51,6610.38,7711.75,9742.91,9457.5,8074.53,8074.53
US30231G1022,,,,,136800000.0,138500000.0,138000000.0,145500000.0,125000000.0,117000000.0,114000000.0,130000000.0,134000000.0,133000000.0,135000000.0,116000000.0,114000000.0,105000000.0,100000000.0,106000000.0,101000000.0,95000000.0,97000000.0,96000000.0,92000000.0,91000000.0,91000000.0
US3024913036,,,,,,,,,,,,,,,322000.0,324000.0,303000.0,275000.0,236000.0,86736.56,83039.89,83584.41,103000.0,88000.0,81000.0,73000.0,73000.0
US3029411093,,,,,,,,,,,,,,,,,,,,4.0,4.04,53.0,392.0,479.0,483.0,483.0,483.0
US3030751057,,,,,,,,,,,,,,,,,,,,,3764.0,1011.0,647.0,1796.0,3815.0,2652.0,2652.0
US3119001044,,,,,,,,,,,,,,,,,,,,,110830.87,134410.37,132029.12,132879.0,130852.0,130852.0,130852.0
US3137451015,,,,,,,,,,,,,,,,,,,,,2991.0,3359.0,4054.0,4443.0,3697.0,3186.0,3186.0
US31428X1063,,,,,,,,,,15010000.0,14101552.0,13152895.0,13802445.0,14136070.0,13774051.0,13450904.0,13742194.0,13759900.0,14053600.0,15152383.0,15406173.0,15235320.0,16659841.0,17113617.0,15804636.0,15804636.0,15804636.0
US3156161024,,,,,,,,,,,,,,71.29,61.0,62.0,62.0,62.0,62.0,62.0,511.0,501.0,1281.0,1266.0,1285.0,872.0,872.0
US31620M1062,,,,,,,,,,,,,,,,,,,,,16962.62,15049.32,10209.0,12922.0,9987.0,8888.0,8888.0
US3167731005,,,,,,,,,,,,15316.0,16360.0,12926.0,12926.0,12926.0,12926.0,12926.0,12116.0,14046.0,13232.0,12995.0,12479.0,11645.0,9859.0,9859.0,9859.0
US3205171057,,,,,,,,,,,,,,,,,,,,,7661.0,6189.0,7349.0,5496.0,4105.0,4105.0,4105.0
US3377381088,,,,,,,,,,,,,,,,,,,,,24668.0,21711.0,22303.0,17637.0,22146.0,22146.0,22146.0
US3379321074,,,,,,,,,46141777.0,46141777.0,33801666.0,33801666.0,33801666.0,33801666.0,33801666.0,33801666.0,33801666.0,46436300.0,42474081.0,32869392.0,18102068.0,14704678.0,15913845.0,16535625.0,15207364.0,14018734.0,14018734.0
US3434121022,,,,,,,,12851.95,15854.3,16125.0,16012.89,13119.65,18197.0,16291.0,12352.0,12352.0,12352.0,8000.0,7000.0,14370.0,13820.0,12720.0,14580.0,11050.0,11650.0,6420.0,6420.0
US34354P1057,,,,,,,,,,,,,29528.0,30116.0,29152.0,24400.0,23825.0,20155.0,14422.0,15495.0,15399.0,14429.0,14809.0,16120.0,15570.0,15463.0,15463.0
US3448491049,,,,,,,,,,,,,,,,,,,,,,7051.0,6588.0,5775.0,6745.0,7186.0,7186.0
US3453708600,,,,,,,2700000.0,2300000.0,2000000.0,1900000.0,1500000.0,1700000.0,1600000.0,1400000.0,1500000.0,1500000.0,1400000.0,1300000.0,1391127.0,1419442.81,1130000.0,1124798.0,1069906.74,1197738.53,1108815.0,870091.0,870091.0
US3546131018,,,,,,,,,,,8099.0,10362.0,9018.0,8175.0,8175.0,8890.0,8890.0,7968.0,8206.0,9390.0,8593.0,6730.0,9943.0,11655.0,10775.0,13138.0,13138.0
US35671D8570,,,,,,,,3032247.0,3032247.0,5100000.0,4900000.0,5622379.0,5358795.0,5679367.0,5859810.0,5237173.0,5699671.0,4793264.0,4264946.0,4964720.0,4729669.0,4234298.0,4575559.0,4927823.0,5139523.0,5407573.0,5407573.0
US35909D1090,,,,,,,,,,,,,,,,,,,,,,,,,117263.0,117263.0,117263.0
US3614481030,,,,,,,,,,,,,,,,,,,,,14258.0,14742.0,17066.0,16715.0,14646.0,14231.0,14231.0
US3635761097,,,,,,,,,,,,,,,,,,,,,2499.0,1651.0,2048.0,2188.0,2312.0,2312.0,2312.0
US3647601083,,,,,,,,,,,,25657.0,25383.0,23867.0,18474.0,25024.0,31275.0,28495.0,23810.0,26320.0,27818.0,27316.0,25352.0,27762.0,41942.0,36174.0,36174.0
US3695501086,,,,,,,,,,,,,,,,,,,,,,,305600.0,307359.0,323044.0,323044.0,323044.0
US3703341046,,,,,,,280000.0,283000.0,285000.0,282000.0,273000.0,285000.0,273000.0,251000.0,281000.0,284000.0,277000.0,265000.0,254000.0,267000.0,274000.0,295000.0,319000.0,317900.0,335600.0,308000.0,308000.0
US37045V1008,,,,,,,,,,,,,2310819.0,2440423.0,2802461.0,2329813.0,2054543.0,2003270.0,1848800.0,1763555.0,1589700.0,1214124.0,1094747.0,1312309.0,1304570.0,1304570.0,1304570.0
US3719011096,,,,,,,,,,,,,3672.0,4507.0,6215.0,7194.8,6000.6,7223.0,8825.0,9131.0,8323.0,9697.0,10018.0,11740.0,11758.0,10941.0,10941.0
US3724601055,,,,,,,,,,,,,,,,,,,,,,,242817.0,217836.0,232711.0,144244.0,144244.0
US37247D1063,,,,,,,,,210.0,210.0,166.0,176.0,176.0,165.0,368.0,468.0,468.0,468.0,468.0,468.0,468.0,532.46,592.4,769.0,659.0,659.0,659.0
US3755581036,,,,,,,,,,,22178.0,29725.0,30472.0,30472.0,30472.0,30472.0,30472.0,44531.0,46330.0,46446.0,54098.0,48630.0,55104.0,55919.0,56096.0,56096.0,56096.0
US37940X1028,,,,,,,,,,,,,,,,,,,,,,2721.0,1397.7,5190.0,5602.0,5602.0,5602.0
US37959E1029,,,,,,,,,,,,,,,,,,,,,,,1166.0,1237.0,1553.0,1459.0,1459.0
US38141G1040,,,,,,,8572.0,15179.0,12313.0,9721.0,9160.0,14645.0,11787.0,14559.0,11323.0,12065.0,11900.0,11520.0,11231.0,11565.0,12673.0,9647.0,12648.0,12595.0,13842.0,14447.0,14447.0
US3825501014,,,,,,,,,,,,1490000.0,1420000.0,1229586.0,848108.0,1111444.0,955400.0,1239035.0,1176710.0,1191798.0,1156000.0,1031000.0,1405627.0,1458000.0,1388000.0,1389000.0,1389000.0
US3841091040,,,,,,,,,,,,,,,,,,,,,,12510.0,12894.0,14718.0,14247.0,14247.0,14247.0
US3848021040,,,,,,,,,,,,,27475.0,34011.0,34011.0,34011.0,48321.0,40883.0,38600.0,37447.0,34685.0,31821.0,35190.0,31000.0,30000.0,27642.0,27642.0
US3976241071,,,,,,,,,,,711869.0,521301.0,407485.0,407485.0,580061.0,362300.0,322500.0,345700.0,367700.0,377000.0,686000.0,692900.0,696900.0,756200.0,605000.0,625186.0,625186.0
US40434L1052,,,,49400.0,159000.0,186000.0,197000.0,134500.0,102552.0,233225.0,288370.0,136660.0,309900.0,247400.0,208300.0,210800.0,66900.0,60700.0,66200.0,65900.0,61900.0,50600.0,48700.0,46800.0,52100.0,52100.0,52100.0
US4062161017,,,,,,,6007000.0,3150000.0,3272000.0,3470000.0,3688812.0,3700000.0,4246610.0,4211810.0,4211810.0,11438905.0,3210370.0,1770698.0,1837736.0,4405274.0,4354369.0,2626561.0,3503441.0,3320350.0,3443174.0,3022264.0,3022264.0
US4103451021,,,,,,,,,,,,,,,,,,,90722.0,106842.0,89357.0,61762.0,78698.0,55668.0,39516.0,43248.0,43248.0
US4108671052,,,,,,,,,,,,,,,,,,,,6398.0,6264.0,4294.0,4203.0,5023.0,5023.0,5023.0,5023.0
US4128221086,,,,,,,,,,74343.0,55697.0,49697.0,47595.0,42205.0,45183.0,46946.0,43764.0,41786.0,41523.0,41900.0,33496.0,24911.0,24896.0,28905.0,25405.0,25405.0,25405.0
US4158641070,,,,,,,,,,,,,,,,,,,,210062.0,249845.0,242008.0,271503.0,347254.0,122886.0,103668.0,103668.0
US4165151048,,,,,,,33090.0,34608.0,36467.0,34238.0,33571.0,30889.0,34503.0,25770.0,23099.0,19738.0,19354.0,16440.0,15052.0,13974.0,13251.0,8273.0,8401.0,7268.0,6767.0,5981.0,5981.0
US4180561072,,,,,,,,,,,,6817.0,7656.0,5985.0,7347.0,7282.0,5297.0,5221.0,6586.0,5447.0,5138.0,4363.0,4591.0,4677.0,4040.0,3880.0,3880.0
US4198701009,,,,,,,,,,5205870.0,5205870.0,5205870.0,5205870.0,5205870.0,5205870.0,5205870.0,4070349.0,3935734.0,3921965.0,3978556.0,4050172.0,3862797.0,3690465.0,4109983.0,4418816.0,4356147.0,4356147.0
US42250P1030,,,,,,,,,,,,,25694.0,28940.0,34277.0,49369.0,54262.0,52257.0,50551.0,54260.0,69978.0,69861.0,53785.0,50259.0,52564.0,71829.0,71829.0
US42330P1075,,,,,,,,,,,,,,,,,,,,,222000.0,203000.0,205000.0,224000.0,236806.01,236806.01,236806.01
US4234521015,,,,,,,,,,,,,,,,,,,,1235000.0,1400000.0,845000.0,735000.0,1080000.0,1142000.0,1036000.0,1036000.0
US4278661081,,,,,,,,,,126991.0,157275.0,129306.9,128858.7,115333.5,101007.0,92752.0,103668.0,110889.0,119833.0,156001.0,160808.0,157092.0,146653.0,179211.0,178001.0,190984.0,190984.0
US42806J7000,,,,,,,,,,,,,,,,,,,,,6528202.0,6528202.0,6528202.0,4063866.0,3411054.0,3411054.0,3411054.0
US42809H1077,,,,,,,10058840.0,9658260.0,11655190.0,10720000.0,9084125.0,3700000.0,4300000.0,5000000.0,4400000.0,4800000.0,5100000.0,4100000.0,3700000.0,3500000.0,3830000.0,3130000.0,2450000.0,2231000.0,2143394.0,2143394.0,2143394.0
US4364401012,,,,,,,,,,,,,,,,,,,,,,,7466.0,6894.0,7273.0,7050.0,7050.0
US4370761029,,,,,,,,,,,,268091.0,268091.0,281083.0,250224.0,322201.0,388674.0,398049.0,438000.0,434000.0,515000.0,553000.0,607000.0,642000.0,597000.0,628738.0,628738.0
US4385161066,,,,,,,,,,,,,6638930.0,5532840.0,4346781.0,3988622.0,3526031.0,2699550.0,1355420.0,1479149.0,1384849.0,1540485.0,1464009.0,1146263.0,711239.0,750530.0,750530.0
US4404521001,,,,,,,,,,236599.0,801832.0,308586.0,770000.0,777845.0,223000.0,387000.0,354000.0,363000.0,220000.0,216000.0,265000.0,276021.0,668817.0,635226.0,625338.0,625338.0,625338.0
US44107P1049,,,,,,,,,,,,124783.0,129593.0,121572.0,130778.0,122444.0,112947.0,112108.0,104031.0,110298.0,101616.0,69689.0,73024.0,82747.0,84826.0,92608.0,92608.0
US4435106079,,,,,,,,,,,,,,,,,,,,,42307.0,37439.0,32781.0,33671.0,43678.0,50870.0,50870.0
US4448591028,,,,,,,,,,,10662.0,9723.0,12259.0,12660.0,17543.0,16910.0,15718.0,16095.0,16427.0,16408.0,36525.0,34959.0,29481.0,28852.0,28166.0,37480.0,37480.0
US4456581077,,,,,,,,,,,,,,1387563.0,1387563.0,1387563.0,1387563.0,1387563.0,1634901.0,1781982.0,1881543.0,1890776.0,1711146.0,1941821.0,1739774.0,1821012.0,1821012.0
US4461501045,,,,,,,,,,,,10452.0,9793.0,8488.0,8488.0,8488.0,8488.0,8488.0,14341.0,13828.0,13686.0,11964.0,12328.0,17895.0,16331.0,16331.0,16331.0
US4470111075,,,,,,,,,2376836.0,2257945.0,2154379.0,2294147.0,2374632.0,2337665.0,2309907.0,2386909.0,2257076.0,355290.0,335909.0,345255.0,323963.0,306033.0,283917.0,254232.0,244722.0,244722.0,244722.0
US45073V1089,,,,,,,,136000.0,161000.0,152032.0,72219.0,80711.0,80711.0,80711.0,80711.0,80711.0,80711.0,14847.0,16158.0,17293.0,35891.0,33545.0,36703.0,35466.0,32312.0,32312.0,32312.0
US45167R1041,,,,,,,,,,,,,,,,,,,,6131.94,5495.19,5058.0,12207.0,13178.0,15151.0,17116.0,17116.0
US45168D1046,,,,,,,,,,,,,,,,,,,,,17345.0,13499.0,16646.0,16135.0,16458.0,18461.0,18461.0
US4523081093,,,,,,,,,,,,228119.0,125708.0,115404.0,119016.0,125935.0,112647.0,108545.0,136484.0,141228.0,132526.0,103961.0,137315.0,138029.0,128092.0,129526.0,129526.0
US4523271090,,,,,,,,,,,,,,,,,,,,6317.0,12489.0,19701.0,20296.0,18902.0,17993.0,18836.0,18836.0
US4581401001,,,,,,,1330000.0,1330000.0,1330000.0,1330000.0,770845.0,1165284.0,885416.0,794000.0,756000.0,1041000.0,1050000.0,976000.0,1490000.0,1458000.0,1489000.0,1079800.0,1193400.0,1190900.0,845000.0,1105000.0,1105000.0
US45866F1049,,,,,,,,,,,,,,,,,,,,,,3117.0,5253.0,4633.0,4588.0,5212.0,5212.0
US4592001014,,,,,,,348058.0,533064.0,579931.0,580343.0,456655.0,578290.0,535387.0,541584.0,514464.0,556653.0,354046.0,133623.0,124901.0,124633.0,117723.0,90906.0,91955.0,79000.0,71000.0,71000.0,71000.0
US4595061015,,,,,,,,,,,,124753.0,116072.0,102838.14,106235.35,115342.0,118984.0,111110.0,113944.0,125429.0,151002.0,162286.0,889095.0,828178.0,694072.0,740032.0,740032.0
US4601461035,,,,,,,8100000.0,10776946.0,9800000.0,8979592.0,9750000.0,5400000.0,5100000.0,10900000.0,9800000.0,9100000.0,9200000.0,9300000.0,8800000.0,8500000.0,6290000.0,6570000.0,6720000.0,6260000.0,6366000.0,6266000.0,6266000.0
US4606901001,,,,,,,,,,,,,,,,1059.8,1301.3,2485.6,4786.3,7636.0,7316.0,6803.0,9350.0,11193.0,9030.0,9030.0,9030.0
US4612021034,,,,,,,,,,,6422.0,6335.0,7000.0,7559.0,7559.0,7559.0,7559.0,7559.0,3176.0,2045.0,1912.0,1770.0,1304.0,4680.0,4340.0,3800.0,3800.0
US46120E6023,,,,,,,,,,,,,,,,,,,,,,,7410.0,7045.0,7137.0,8105.0,8105.0
US46284V1017,,,,,,,,,,,,,,117643.69,144570.0,145100.0,130267.0,159104.0,172026.0,149865.0,143159.0,125318.0,132299.0,136006.0,113532.0,115728.0,115728.0
US4657411066,,,,,,,,,,,7192.1,7450.0,7214.7,5326.8,4845.6,4731.5,5480.5,4094.9,3640.7,3449.8,6252.0,5553.8,6362.0,5006.0,4421.0,3798.0,3798.0
US46625H1005,,,,,,,79013.0,74464.0,71523.0,69709.0,95262.0,91999.0,92413.0,83343.0,85950.0,89225.0,82525.0,79556.0,78229.0,83101.0,81655.0,69570.0,84911.0,88553.0,115294.0,115294.0,115294.0
US4663131039,,,,,,,,,,,22850.0,23564.0,27571.0,22146.0,22146.0,38395.0,37100.0,37905.0,41399.0,48776.0,38759.0,47547.0,53865.0,53174.0,55192.0,28996.0,28996.0
US46982L1089,,,,,,,,,,,2434.0,6382.0,6192.0,5469.0,5469.0,5469.0,5469.0,5469.0,5469.0,37337.0,15814.0,17646.0,16749.0,14754.0,13526.0,15342.0,15342.0
US4781601046,,,,,,,,341000.0,344000.0,607000.0,337000.0,332000.0,313000.0,445193.0,455342.0,455119.0,449078.0,467959.0,474497.0,452407.0,426074.0,363875.0,372206.0,384622.0,320104.0,314690.0,314690.0
US48020Q1076,,,,,,,,,,2490.0,5220.0,9015.34,11839.28,10106.5,11339.0,10920.0,16784.0,18816.0,19258.0,31732.0,31439.0,24183.0,28802.0,26622.0,25863.0,25863.0,25863.0
US48203R1041,,,,,,,,1753.78,1753.78,1753.78,3327.0,3942.0,3970.63,6311.8,4081.0,3482.0,4302.0,4469.0,4133.0,3859.0,4517.0,8867.0,7151.0,6673.0,5821.0,5821.0,5821.0
US48242W1062,,,,,,,,,,,,,1054.0,1021.0,1163.0,926.0,737.0,756.0,806.0,484.0,4324.3,6514.31,6426.44,8601.79,5745.8,5745.8,5745.8
US4824801009,,,,,,,,,,,,,1903.4,0.0,1539.7,1561.0,1561.0,1561.0,17750.0,17750.0,2361.11,3750.0,4698.0,7964.0,7550.0,6523.0,6523.0
US48666K1097,,,,,,,,,,,,,,,,,,,,,,,1844.0,1761.0,2089.0,2163.0,2163.0
US4878361082,,,,,,,,,500000.0,500000.0,578608.0,580482.0,566988.0,536069.0,536069.0,536069.0,496400.0,468335.0,478625.0,460400.0,445000.0,460000.0,503905.0,497203.0,347200.0,329764.0,329764.0
US4891701009,,,,,,,,,,,18683.3,18683.3,18683.3,18683.3,18683.3,18683.3,18683.3,18683.3,18683.3,27000.0,31000.0,35000.0,27000.0,30000.0,28000.0,31000.0,27000.0
US4932671088,,,,,,,,,,,,,14027.0,12548.0,14583.0,13583.0,11638.0,13719.0,13670.0,14525.0,13307.0,10806.0,10740.0,11424.0,9803.0,9236.0,9236.0
US4943681035,,,,,,,2830000.0,2910000.0,2780000.0,2670000.0,2570000.0,2500000.0,2500000.0,2400000.0,2200000.0,2200000.0,2200000.0,2100000.0,2100000.0,2100000.0,1953000.0,1800000.0,1772000.0,1783000.0,1720000.0,1686000.0,1686000.0
US49446R1095,,,,,,,,,,,,,4041.71,3420.0,3948.02,1950.0,1967.0,2167.0,2355.0,2443.0,2407.0,1945.0,3436.0,3556.0,2838.0,4165.0,4165.0
US49456B1017,,,,,,,,,,,,,,,,,,,,14100000.0,16000000.0,15300000.0,15200000.0,14600000.0,15000000.0,15100000.0,15100000.0
US4972661064,,,,,,,,,,,,,1093558.0,1093558.0,1093558.0,1093558.0,903900.0,858500.0,809700.0,887600.0,878900.0,804900.0,796500.0,812200.0,770400.0,757500.0,757500.0
US5002551043,,,,,,,,,,25062.0,28003.0,27062.0,27062.0,27269.0,22784.0,35580.0,40510.0,35424.0,38628.0,38553.0,47034.0,50382.0,45866.0,48959.0,56759.0,33492.0,33492.0
US5010441013,,,,,,,,,,,1785872.0,2062714.0,2062714.0,2010936.0,1889971.0,1889971.0,1889971.0,2505002.0,2754335.0,2788652.0,2313574.0,2445527.0,2072128.0,2303388.0,2335900.0,2288734.0,2288734.0
US5018892084,,,,,,,,,,,,,,,,,,,,,185236.0,153292.0,261953.0,271457.0,264891.0,258692.0,258692.0
US5150981018,,,,,,,,,,,,,,,,,,,,,,,199.0,207.0,174.0,205.0,205.0
US5178341070,,,,,,,,,,,,,251809.0,225157.0,226210.52,235813.0,245104.0,254403.0,249462.07,258494.09,214263.0,50500.0,38446.0,58341.0,119588.0,155421.0,155421.0
US5184391044,,,,,,,,,,123315.0,36000.0,33290.0,32742.0,58204.0,33241.85,31329.8,31329.8,31963.0,36740.0,30400.0,28900.0,27200.0,24139.67,27786.57,29543.05,36587.72,36900.0
US5218652049,,,,,,,,,,,,,,,,,,109899.0,132653.0,111855.0,111128.0,87290.0,91263.0,87983.0,86296.0,75850.0,75850.0
US5246601075,,,,,,,,,,,,,,,,,,,,,226456.0,217351.0,225235.0,200329.0,193745.0,203793.0,203793.0
US5260571048,,,,,,,,,,,,,,,,,,,,,,,,10515.0,10515.0,10515.0,10515.0
US5261071071,,,,,,,,,,,,,,,,,,,89400.0,102200.0,95900.0,83100.0,116700.0,116700.0,116700.0,116700.0,116700.0
US5324571083,,,,,2025097.0,2025097.0,683276.4,865915.0,614102.0,674560.0,549301.0,454521.0,409871.0,435000.0,484000.0,460000.0,214000.0,216000.0,228000.0,201000.0,192000.0,159000.0,157000.0,171000.0,182000.0,192000.0,192000.0
US5339001068,,,,,,,,,,,,,94633.0,76196.0,75562.0,71056.0,72283.0,62942.0,71420.0,82488.0,70678.0,54806.0,55525.0,66959.0,69164.0,69164.0,69164.0
US5341871094,,,,,,,,,,,,,,3534.0,3815.0,3840.0,3469.0,2666.0,2931.0,2905.0,3173.0,1750.0,1911.0,3478.0,2853.0,2137.0,2137.0
US5370081045,,,,,,,,,,,,,,,,,,,,,45593.0,40021.0,38894.0,40108.0,34200.0,35110.0,35110.0
US5398301094,,,,,,,,,,,350578.0,313866.0,309529.0,249491.0,249491.0,249491.0,233439.0,229149.0,291523.0,291782.0,305362.0,306230.0,306695.0,313584.0,305426.0,294431.0,294431.0
US5486611073,,,,,,,,,,,,,,292747.0,292747.0,292747.0,292747.0,368000.0,354000.0,400000.0,474000.0,485000.0,541000.0,508000.0,437000.0,413000.0,388000.0
US5502411037,,,,,,,,,,,,167193.0,190204.0,279520.0,279520.0,271360.0,257420.0,254600.0,236000.0,277725.23,191267.26,160686.3,160636.76,173905.55,171639.57,171639.57,171639.57
US55261F1049,,,,,,,,,,,,,,,,,,,18026.0,20213.0,22098.0,18121.0,16373.0,18924.0,18761.0,17889.0,17889.0
US5526761086,,,,,,,,,,,11804.0,15652.4,15652.4,15652.4,15652.4,15652.4,15652.4,15652.4,15652.4,15652.4,1136.73,1655.77,1077.0,1107.0,1107.0,1107.0,1107.0
US5526901096,,,,,,,,,,,,,,,,,,,,,,,,1872208.0,1866531.0,1823756.0,1823756.0
US5529531015,,,,,,,,,164312.0,170271.0,159195.0,202894.0,215833.0,228008.0,218827.0,214327.0,227268.0,224453.0,251214.0,246147.0,278476.0,199686.0,249387.0,242877.0,232707.0,232707.0,232707.0
US5535301064,,,,,,,,,,,,,,,,,,,,,,,,15310.4,16969.8,16969.8,16969.8
US5543821012,,,,,,,,,,,,,,,,,17756.0,15502.0,15502.0,18103.0,17034.0,10644.0,28552.0,20123.0,28470.0,30779.0,30779.0
US5544891048,,,,,,,,,,,,,,,,,,,,,8009.0,7317.0,6261.0,5890.0,4853.0,5397.0,5397.0
US55616P1049,,,,,,,,,,,,,,,,,,,96876.0,97837.0,45504.0,46793.0,36870.0,42421.0,40901.0,67002.0,67002.0
US5635714059,,,,,,,,,,,84557.76,96848.08,96848.08,96848.08,96848.08,96848.08,96848.08,96848.08,96848.08,96848.08,27084.0,23694.0,25567.0,23756.0,23610.0,22862.0,22862.0
US56418H1005,,,,,,,,,,,,,14641.0,27806.0,16072.0,30082.0,19565.0,22515.0,14819.0,26280.0,21551.0,13314.0,18603.0,19359.0,16536.0,17247.0,17247.0
US5658491064,,,,,,,15580000.0,15100000.0,14600000.0,14000000.0,13700000.0,3200000.0,3200000.0,3630000.0,3220000.0,3550000.0,3580000.0,3070000.0,3910000.0,5200000.0,6470000.0,4240000.0,3530000.0,3170000.0,3170000.0,3170000.0,3170000.0
US5717481023,,,,,,,,,,,1.0,1.54,126.69,3429.21,3429.21,8042.55,10723.4,30792.0,14406.0,19158.5,24758.0,22687.0,24152.0,27036.0,23637.0,18865.0,18865.0
US5719032022,,,,,,,,,532864.0,532864.0,456979.0,395391.0,478755.0,666436.0,666436.0,666436.0,666436.0,1279706.0,1538805.0,1351583.0,1326481.0,972725.0,1104234.0,1150317.0,1226161.0,1273630.0,1273630.0
US5732841060,,,,,,,,,,,,,,,,,,,,502000.0,4500000.0,4505000.0,4547000.0,4609000.0,4295000.0,2900000.0,2900000.0
US5738741041,,,,,,,,,,,,8399.0,8399.0,2695.0,1922.0,1922.0,1922.0,1922.0,1922.0,1922.0,1922.0,1922.0,3678.0,4320.0,4645.0,4433.0,4433.0
US5745991068,,,,,,,,,,,197975.0,200533.0,200608.0,86679.0,86679.0,86679.0,86679.0,86679.0,86679.0,106000.0,78000.0,66000.0,39000.0,48000.0,40000.0,35000.0,35000.0
US57636Q1040,,,,,,,,,,,,,,3025.8,3025.8,3025.8,3025.8,4486.0,6587.0,4828.0,4758.0,3221.0,5164.0,4769.0,3556.0,3556.0,3556.0
US57667L1070,,,,,,,,,,,,,,,,,,,,,,,77.0,883.0,564.0,564.0,564.0
US5770811025,,,,,,326087.0,304348.0,326087.0,391304.0,326087.0,15553.0,13242.0,14647.0,12668.66,12668.66,12668.66,12668.66,12668.66,12668.66,12668.66,18626.0,16070.0,15760.0,14163.0,13574.0,13574.0,13574.0
US5797802064,,,,,,,,,,,11910.0,14393.0,15008.0,15753.0,23391.0,28370.0,28370.0,20146.0,20146.0,31830.0,32552.0,35869.0,37889.0,38520.0,38284.0,38855.0,38855.0
US5801351017,,,,,,,,,,,,,,173000.0,216206.0,178000.0,193000.0,210176.0,176060.0,113991.0,103530.0,97349.0,113286.0,99441.0,100264.0,94233.0,94233.0
US58155Q1031,,,,,,,31673.0,32022.0,31635.0,28578.0,30063.0,30063.0,30063.0,27024.0,20368.0,15527.0,46958.0,92194.0,92086.0,124911.0,143394.0,88219.0,102988.0,74025.0,79293.0,79848.0,79848.0
US58933Y1055,,,,,,,930000.0,800000.0,780000.0,664150.0,1072054.0,1046881.0,1135597.0,1053000.0,1051600.0,944000.0,869200.0,861500.0,806200.0,769200.0,728600.0,710900.0,689900.0,712400.0,718400.0,721200.0,721200.0
US59156R1086,,,,,,,,,,,5942.0,5942.0,10598.0,24381.0,23211.0,20187.0,19780.0,17555.0,25948.0,25617.0,19684.0,14515.0,12052.0,12464.0,11853.0,10611.0,10611.0
US5926881054,,,,,,,,,,,34849.0,29531.0,30479.0,31077.0,32532.0,30697.0,30803.0,29322.0,29492.0,28814.0,29228.0,26019.0,25736.0,27722.0,27715.0,27797.0,27797.0
US5949181045,,,,,,,13185.0,14730.0,15100.0,15100.0,46066.0,41649.0,47383.0,40848.0,78116.0,100534.0,94548.0,94651.0,107452.0,99008.0,117956.0,118100.0,123704.0,139413.0,144960.0,143510.0,143510.0
US5950171042,,,,,,,,,,,,84885.0,97349.0,107219.0,97004.0,132660.0,170426.0,192854.0,451140.0,488043.0,529370.0,425973.0,348407.0,407724.0,424370.0,439683.0,288193.0
US5951121038,,,,,,,,,,,654197.0,780776.0,813090.0,913221.0,913221.0,913221.0,1500000.0,2600000.0,2800000.0,2945735.0,3194543.0,3281887.0,3459483.0,3478449.0,2698572.0,2698572.0,2698572.0
US6005441000,,,,,,,,,36900.0,30971.0,28053.0,31782.0,21799.0,16879.0,20345.0,22664.0,25235.0,25143.0,24807.0,26629.0,27418.0,27418.0,32275.0,40370.0,38462.0,32343.0,32343.0
US6081901042,,,,,,,,,,,,905130.0,858850.0,615100.0,1178648.0,1181622.0,1613675.0,1602088.0,1602088.0,1692082.0,1785392.0,1641025.0,1826592.0,1619172.0,1231589.0,1967585.49,1967585.49
US60871R2094,,,,,,,,630669.0,746639.0,680831.0,452858.0,413790.0,220864.0,206113.0,171192.0,169869.0,159988.0,152042.0,448040.0,436457.0,406377.0,398026.0,606319.0,603320.0,600567.0,600567.0,600567.0
US6092071058,,,,,,,,1453917.0,1453917.0,1339442.0,1263250.0,1468901.0,1634473.0,477813.0,1080025.0,1061261.0,757009.0,812564.0,778304.0,904118.0,856590.0,852548.0,894692.0,861564.0,778863.0,778863.0,778863.0
US61174X1090,,,,,,,,,,,,,,,,,,,,,,4203.63,4671.0,10077.0,15259.0,15259.0,15259.0
US6153691059,,,,,,,,,,,,,,,,,,171.0,157.0,2480.0,1744.0,919.0,851.0,810.0,610.0,641.0,641.0
US6174464486,,,,,,,797.0,1196.0,1196.0,1196.0,1196.0,14322.0,14903.0,30990.0,30598.0,31257.0,33871.0,33871.0,29450.0,29800.0,28300.0,25400.0,25571.0,27268.0,24201.0,19636.0,19636.0
US61945C1036,,,,,,,,,,,2900000.0,2218355.0,2579616.0,2910000.0,2790000.0,2900000.0,2960000.0,2940000.0,2460000.0,3580000.0,3130000.0,3440000.0,3230000.0,3192707.0,3488313.79,3488313.79,3488313.79
US6200763075,,,,,,,39442.0,40308.0,39094.0,38767.0,33217.0,15793.85,11935.15,26483.0,27426.0,25722.0,21160.0,17400.0,10650.0,15291.0,17352.0,14381.0,7028.0,11362.0,15015.0,14181.0,14181.0
US6267171022,,,,,,,,,,,,,,,,,2689920.0,2193543.0,2086207.0,2174224.0,1219971.0,1002338.0,925239.0,1056513.0,1083362.0,986645.0,986645.0
US62886E1082,,,,,,,,,,,,,,,,,,,,,119099.0,119989.0,128016.0,158365.0,43376.0,43376.0,43376.0
US6293775085,,,,,,,,,68000000.0,68000000.0,59000000.0,57000000.0,60000000.0,50000000.0,50000000.0,102729538.0,87000000.0,68624200.0,51000000.0,49711181.0,42000000.0,27484542.0,34285442.0,35050795.0,24375429.0,24375429.0,24375429.0
US62955J1034,,,,,,,,,,,,,,,,,,,,1010000.0,1010000.0,1010000.0,177336.0,148289.0,135671.0,135554.0,135554.0
US6311031081,,,,,,,,,,,,,,0.0,0.0,0.0,0.0,0.0,0.0,0.0,0.0,2.7,0.5,16.5,75.1,79.0,79.0
US6361801011,,,,,,,,,,,,,,,,,,,,,1966929.0,1683788.0,1679182.0,1733621.0,1615474.0,1615474.0,1615474.0
US6365181022,,,,,,,,,,,712.0,811.0,947.0,927.0,1014.0,1081.0,1368.0,1368.0,1368.0,1368.0,1226.0,1166.0,1261.0,1261.0,1261.0,1261.0,1261.0
US64110D1046,,,,,,,,,,,,,8082.0,7613.0,8695.0,8695.0,8695.0,7613.0,5748.0,5354.0,4676.5,4677.0,2182.0,3164.0,2321.0,2751.0,2751.0
US6501111073,,,,,,,,,,,,,,,,,,,,,7819.0,7819.0,7819.0,6311.0,5042.0,3598.0,3598.0
US6512291062,,,,,,,,,,,33719.0,28412.0,23002.0,21533.19,25548.0,21800.0,21800.0,21800.0,21800.0,21800.0,21800.0,21800.0,21800.0,21800.0,221084.0,212438.0,212438.0
US6516391066,,,,,,,2740000.0,3110000.0,2890000.0,2880000.0,4212914.0,2950000.0,4414205.63,4260000.0,4490000.0,4100000.0,3800000.0,2700000.0,3100000.0,1757000.0,1594754.0,1612454.0,1740224.0,1769979.0,1539695.0,2728268.0,2728268.0
US65249B1098,,,,,,,,,,,,,,,28301.89,26415.09,22641.51,19122.0,20676.0,19212.0,19722.0,18484.0,16417.0,15441.0,12702.0,12702.0,12702.0
US65339F1012,,,,,,,,49089725.0,49089725.0,49089725.0,47078500.0,47078500.0,47078500.0,47470548.0,47470548.0,49644040.0,54495287.0,46159388.0,43004601.0,42097424.0,49953427.0,43247571.0,42353376.0,41985979.0,42278597.0,42278597.0,42278597.0
US6541061031,,,,,,,,,,,94411.0,94411.0,94411.0,94411.0,94411.0,94411.0,35624.0,37325.0,40138.0,41941.0,46713.0,64804.0,59530.0,64636.0,59672.0,59672.0,59672.0
US65473P1057,,,,,,,,25593436.0,26677909.0,26489272.0,21701777.0,22368210.92,20341019.0,17715394.38,19146240.11,19567750.0,12351675.0,11801595.0,11610703.0,12580801.0,10202077.0,7272080.0,8270916.0,6442399.0,5492279.0,5446186.0,5446186.0
US6556641008,,,,,,,,,,2400000.0,2303500.0,2303500.0,2303500.0,2303500.0,2303500.0,2303500.0,45339.0,45339.0,45339.0,45339.0,51024.0,46521.0,40163.0,35541.0,22716.23,26426.0,26426.0
US6558441084,,,,,,,,,,5183834.0,4484395.0,4949599.0,5127985.0,4925238.0,5088315.0,5358750.0,5266493.0,4927038.0,4957950.0,5020375.76,4879302.0,3786837.0,4165808.0,4127658.0,4098384.0,4098384.0,4098384.0
US6658591044,,,,,,,,6471.0,7208.0,7759.0,7656.0,4221.0,3860.0,2535.0,3143.0,2925.0,3071.0,2345.49,2121.77,2637.0,7744.0,7423.0,7272.0,7350.0,4391.0,4719.0,4719.0
US6668071029,,,,,,,,,,354885.0,354885.0,323050.0,170019.2,151378.4,145684.0,142126.0,141716.0,130431.0,140951.0,134155.0,145169.0,268700.0,266870.0,281340.0,309030.0,284706.0,284706.0
US6687711084,,,,,,,,0.0,0.0,0.0,0.0,6480.0,7770.0,8000.0,8000.0,9000.0,6000.0,4000.0,5000.0,3000.0,4000.0,6881.0,1494.0,1062.0,964.0,423.0,423.0
US6703461052,,,,,,,,,,,,,,,,,,,20025000.0,22417073.17,21208536.59,21208536.59,7100000.0,6500000.0,6800000.0,4138753.0,4138753.0
US67066G1040,,,,,,,,,,,1761.0,1698.0,1698.0,2166.72,2084.0,2520.0,3339.0,2419.0,2571.0,2370.0,2675.0,2817.0,2692.0,4612.0,12346.0,14390.0,14390.0
US6708371033,,,,,,,,,,25327777.0,22423379.0,22443469.0,24046531.0,23124483.0,20630659.0,19715391.0,19715391.0,17492203.0,15205143.0,14065496.0,12130523.0,12333768.0,12526200.0,1005000.0,9079000.0,9079000.0,9079000.0
US67098H1041,,,,,,,,,,,,3751000.0,4954000.0,4805000.0,4805000.0,4529000.0,4529000.0,4529000.0,4529000.0,4529000.0,4529000.0,4529000.0,4529000.0,4529000.0,4529000.0,4529000.0,4529000.0
US67103H1077,,,,,,,,,,,,,,,,,,,,,,,281138.0,299968.0,305759.0,296903.0,296903.0
US6745991058,,,,13999353.0,14440278.0,8810000.0,8895652.0,10230000.0,10000000.0,10100000.0,10300000.0,11200000.0,12200000.0,9800000.0,9700000.0,10000000.0,9290000.0,10490000.0,10540000.0,10370000.0,22340000.0,19015138.0,18495103.0,17601344.0,17366355.0,17896136.0,17896136.0
US6752321025,,,,,,,,,,,,,,,,,,,,,,,,43590.0,44690.0,30928.0,30928.0
US6780261052,,,,,,,,,,,,,,,,,,,,,,7894.0,21068.0,27298.0,24359.0,18094.0,18094.0
US6819191064,,,,,,,,,,72445.0,64242.0,34749.0,43554.0,67481.0,67481.0,67481.0,49277.0,39764.0,23961.0,30614.0,44756.0,20585.0,14628.0,32915.0,39028.0,32733.0,32733.0
US6821891057,,,,,,,,,,,,,,,,,1235390.0,1279226.0,1416622.0,1470613.0,2074679.0,2173451.0,2485870.0,1016800.0,830200.0,776500.0,776500.0
US6826801036,,,,,,,,,,4900000.0,4300000.0,1100000.0,1400000.0,1500000.0,1700000.0,1900000.0,1900000.0,2500000.0,2900000.0,3700000.0,4200000.0,3800000.0,3800000.0,3700000.0,3700000.0,3900000.0,3900000.0
US68389X1054,,,,,,,,,,,10517.0,10517.0,15208.0,13375.0,16481.0,14764.0,11741.0,14953.0,14476.0,14763.0,17084.0,16520.0,10300.0,9489.0,10237.0,29930.0,27532.0
US6866881021,,,,,,,,,,,,,1517.0,1391.0,1391.0,1391.0,1391.0,1391.0,1391.0,27680.0,202455.0,187583.0,182049.0,183384.0,171778.0,190982.0,190982.0
US6882392011,,,,,,,,,,,,,,,64586.0,70000.0,60801.0,48058.0,55720.0,65505.0,70887.0,67796.0,61019.0,69500.0,65000.0,70000.0,70000.0
US69331C1080,,,,,,,,2975886.0,3510000.0,2117534.0,3218256.0,3618015.0,3447026.0,4110000.0,3770000.0,4000000.0,4900000.0,3949920.0,4281599.0,4115621.0,4495574.0,3899490.0,4458777.0,3353070.0,3730462.0,3423284.0,3423284.0
US6934751057,,,,,,,,,,,43336.0,44700.0,49257.0,47606.0,47112.0,54149.0,45970.0,40706.0,37274.0,35299.0,30286.0,23767.0,27799.0,32100.0,29438.0,28268.0,28268.0
US6935061076,,,,,,,,4697000.0,4697000.0,4697000.0,3825489.0,4300000.0,3954000.0,3954000.0,3954000.0,1130000.0,1040000.0,910000.0,390000.0,410000.0,380000.0,320000.0,400000.0,391281.0,416098.0,416098.0,416098.0
US69351T1060,,,,,,,32000000.0,30300000.0,31400000.0,28605769.0,23414750.0,60478778.0,60478778.0,60478778.0,33201643.0,33382571.47,30382287.0,28941770.0,28587423.0,29609494.0,26913754.0,25061103.0,26436983.0,27101051.0,25291849.0,25291849.0,25291849.0
US6936561009,,,,,,,,,,,,,,,4268.0,7636.0,4529.15,41293.0,37323.0,32689.0,35039.0,33776.0,29091.0,13011.0,14133.0,9271.0,11451.0
US6937181088,,,,,,,,,,,,,95020.58,94115.03,100478.07,92522.5,91508.3,93494.9,100031.25,121123.0,120209.0,113447.0,123990.0,121140.0,102430.0,105879.0,105879.0
US6951561090,,,,,,,,,,,,,,,,,,1940000.0,1840000.0,1800000.0,1910000.0,1770000.0,1950000.0,1810000.0,1720000.0,1720000.0,1720000.0
US7010941042,,,,,,,,,,,,81632.0,87172.0,91817.0,78749.0,78749.0,78749.0,78749.0,78749.0,78749.0,78749.0,138320.0,136030.0,129000.0,146000.0,129000.0,129000.0
US7043261079,,,,,,,,,,,,,,,,,,,,3019.25,3235.1,3128.88,2792.84,2750.54,2289.85,2171.75,2353.19
US7045511000,,,,,,,,,,,,,,,,,,,,8739656.0,7874578.0,6536250.0,6035223.0,5944217.0,5466875.0,5106580.0,5106580.0
US7075691094,,,,,,,,,,,,,,,,,,,,,,,61601.64,64080.0,73122.0,73122.0,73122.0
US70959W1036,,,,,,,,,,,,,,,,,,,,,,,,25477.0,25477.0,25477.0,25477.0
US7134481081,,,,,,,,,,,2915241.0,4006160.0,3980010.0,3891000.0,3800000.0,3931000.0,3716000.0,3798343.0,3734520.0,3577266.0,3552415.0,3552706.0,3596712.0,3481530.0,3377000.0,3377000.0,3377000.0
US7140461093,,,,,,,,14657.0,14666.0,14666.0,21355.0,18663.0,18663.0,18663.0,18663.0,18663.0,17291.0,14878.0,11900.0,12751.0,12812.0,12812.0,7579.0,2289.0,2293.0,2293.0,2293.0
US7170811035,,,,1421053.0,1469636.0,1396761.0,1336032.0,1214575.0,1591935.0,1535484.0,1473263.79,1460000.0,1160000.0,1160000.0,970000.0,970000.0,970000.0,970000.0,788838.0,720000.0,702830.0,649357.0,661930.0,650587.0,620124.0,613218.0,613218.0
US7234841010,,,,,,,,17675247.0,17671341.0,16379358.0,15718320.0,15245383.0,15272698.0,14637965.0,14227300.0,14443639.0,13651000.0,10053453.0,10822462.0,12008503.0,12298802.0,11257147.0,11329468.0,12665061.08,10628383.35,10628383.35,10628383.35
US7237871071,,,,,,,,,,,,,,,,,,,,,2002133.0,1481602.0,2817972.0,2867859.0,2867859.0,2867859.0,2867859.0
US7244791007,,,,,,,,,,22982.82,42604.15,46223.0,42858.0,46773.0,29141.0,29324.65,28747.0,27170.0,27273.0,28660.0,30478.0,34211.0,40614.0,45060.0,48050.0,48050.0,48050.0
US7310681025,,,,,,,,,,,,,,,21730.0,28063.0,29647.0,27578.0,29452.0,38122.0,32210.0,32743.0,49563.0,56558.0,53742.0,49513.0,49513.0
US7392761034,,,,,,,,,,,,,,,,,,,,,,,,,,1086.0,1086.0
US74144T1088,,,,,,,,,,1578.0,948.0,1190.0,796.0,623.7,623.7,623.7,928.0,1050.0,1259.0,2162.0,1424.0,796.0,877.0,941.0,681.0,1845.0,1845.0
US74251V1026,,,,,,,,,,,,0.0,5700.55,6055.88,5797.04,6374.36,6177.45,5231.31,6067.0,6668.0,6557.0,4523.0,4103.0,5076.0,6138.3,5014.8,5014.8
US7427181091,,,,,,,,,2876000.0,2782000.0,2625000.0,2795000.0,3080000.0,2817000.0,2220000.0,2612000.0,2268000.0,2030000.0,2122000.0,2162000.0,2217000.0,2217501.0,2241542.0,2159904.0,2122000.0,1987000.0,1987000.0
US7433151039,,,,,,,,,,146873.0,41208.0,41208.0,41208.0,41208.0,41208.0,41208.0,41208.0,41208.0,41208.0,41208.0,41208.0,41208.0,26992.0,31896.0,31662.0,32281.0,32281.0
US74340W1036,,,,,,,,,,,195.0,149.0,2143.0,1907.0,2159.0,2461.0,2264.0,2457.0,2772.0,3730.0,7417.0,6407.0,5242.0,4044.0,5726.0,4835.0,4835.0
US7443201022,,,,,,,,,8680.0,8680.0,18878.0,14839.0,6052.0,5090.0,6053.0,7836.0,6491.0,12920.0,20349.0,20983.0,15192.0,10170.0,11070.0,13347.0,12776.0,13609.0,13609.0
US7445731067,,,,,,,24790000.0,25000000.0,24619835.0,23925620.0,20008264.0,25384615.38,16094290.0,13929406.0,14955608.0,15460100.0,15129700.0,13090960.0,12052151.0,13623965.0,13378214.0,9624555.0,10122888.0,1878390.0,549002.0,549002.0,549002.0
US74460D1090,,,,,,,,,,,,,,,,,,,,,14883.0,12353.0,15544.0,22985.0,19167.0,32399.0,32399.0
US7458671010,,,,,,,,,,,,,,,,,,,,,,2208.0,3475.0,4316.0,28709.0,32858.0,32858.0
US7475251036,,,,,,19879.0,24241.0,35590.0,43921.0,43921.0,53633.0,57713.0,63301.0,64782.0,65935.0,67793.0,75349.0,75205.0,80016.0,73832.0,75290.0,112479.0,106659.0,104850.0,80589.0,80589.0,80589.0
US74762E1029,,,,,,,,,,,,,,,,,,,,,652566.0,572981.0,651011.0,834070.0,899824.0,874837.0,874837.0
US74834L1008,,,,,,,,,,,98622.0,83093.0,88791.0,85242.0,83828.0,82554.0,83929.0,83570.0,91312.0,91963.2,91892.5,85010.2,238910.0,288624.0,113925.0,113925.0,113925.0
US7496851038,,,,,,,,,,,,,,,,,,,,,,,43000.0,82726.0,69088.0,64443.0,70565.0
US7509171069,,,,,,,,,,,,,,,,,,,,,8.33,1.06,1547.0,1853.39,1732.7,1732.7,1732.7
US7512121010,,,,,,,,,,,,,,,,,,,,,,16248.0,14661.0,11582.0,12206.0,14679.0,13526.0
US75281A1097,,,,,,,,,,,2179000.0,2179000.0,2179000.0,2179000.0,2179000.0,2179000.0,2179000.0,424085.0,543091.0,473164.0,366280.0,182118.0,206535.0,193449.0,202525.0,195199.0,195199.0
US7547301090,,,,,,,,,,,,,,,,,,,,,,,967.0,392.49,569.9,569.9,569.9
US75513E1010,,,,,,,1661505.93,1133249.0,1075515.0,1075515.0,905586.0,946075.0,856354.0,801694.0,801694.0,801694.0,801694.0,801694.0,785316.0,785316.0,785316.0,536565.0,510400.0,506700.0,532402.0,532402.0,532402.0
US7588491032,,,,,,,,,,,,,,,793.62,793.62,793.62,793.62,469.0,1329.0,1488.0,1431.0,1836.0,2341.0,3223.0,3179.0,3179.0
US75886F1075,,,,,,,,,,,,,,,,,,39400.0,48800.0,58200.0,57500.0,58200.0,64800.0,65800.0,69600.0,80300.0,80300.0
US7591EP1005,,,,,,,,,,,,,,,,,,,,6164.0,6032.0,4274.0,4800.0,5341.0,6027.0,6198.0,6198.0
US7593516047,,,,,,,,,,,,,,,,,,,,,656.0,571.0,590.0,603.0,336.0,422.0,422.0
US7595091023,,,,,,,,,,,,,,,,,,,,,187000.0,179000.0,185000.0,184000.0,186000.0,186000.0,186000.0
US7607591002,,,,,,,,,,,,,,,,,14956224.0,13979024.0,13486262.0,15249881.0,16643080.0,16005407.0,15499169.0,15462007.0,14622514.0,13608508.0,13608508.0
US7611521078,,,,,,,,,,,,,,,,,,,,,,,2418.0,3743.0,4453.0,4236.0,3957.0
US7677548726,,,,,,,,,,,,,,,,,,,,,,,31853.6,31853.6,31853.6,31853.6,31853.6
US7703231032,,,,,,,,,,,,,,,,,,,,,3862.0,3118.0,3016.0,3220.0,3183.0,3235.0,3235.0
US7739031091,,,,,,12868.7,9191.9,9191.9,11056.5,18927.0,16585.0,22880.0,25020.0,23040.0,38880.0,43712.0,43936.0,40704.0,32225.0,33912.0,33617.22,20539.0,18649.0,26279.52,24443.0,26604.0,26604.0
US7766961061,,,,,,,,,,,,,,,,,,,,,,,,8189.13,7312.08,7312.08,7312.08
US7782961038,,,,,,,,,,,,,,,,,,,,,18310.0,23175.0,20816.0,24826.0,29832.0,28694.0,37786.0
US7802871084,,,,,,,,,,,,,,,,,,,,,,0.0,0.0,0.0,0.0,0.0,0.0
US7835491082,,,,,,,,,588773.0,565488.0,470481.0,461828.0,471321.0,598987.0,642001.0,682436.0,684593.0,747512.0,687632.0,749903.0,792122.0,792122.0,684619.19,720371.0,869939.0,1217555.0,1217555.0
US78409V1044,,,,,,,,,,,50135.0,62084.1,34090.0,29201.0,17054.0,17054.0,17054.0,17054.0,17054.0,3046.0,3602.0,1623.0,802.0,3717.0,1983.0,2268.0,2268.0
US78410G1040,,,,,,,,,,,,,,,,,,,16900.0,4800.0,5800.0,6200.0,6600.0,11100.0,10200.0,10200.0,10200.0
US7841171033,,,,,,,,,,,,,,,,,,,,,39.58,24.0,130.0,125.0,117.0,117.0,117.0
US78440X8873,,,,,,,,,,,,,,27925.0,25563.0,11434.0,21954.0,8813.4,9260.85,7196.82,3809.44,751.0,5417.0,3970.0,4387.0,4387.0,4387.0
US78442P1066,,,,,,,,,,,,,,,,,,,,,,,,162.0,157.0,157.0,157.0
US78454L1008,,,,,,,,,,,,,,,,,,,,,775678.0,477808.0,578309.0,454538.0,484493.0,484493.0,484493.0
US78473E1038,,,,,,,,,,,,,,,,13664.0,15750.0,14292.0,13240.0,15010.0,10504.0,10543.0,10053.0,11847.0,11440.0,11440.0,11440.0
US79466L3024,,,,,,,,,,,,1878.0,1764.0,2469.72,3858.0,6098.0,5371.0,3000.0,4000.0,4000.0,6000.0,6000.0,1000.0,6000.0,4000.0,3000.0,3000.0
US8064071025,,,,,,,,,,,,,,,,,,,,,15770.0,16128.0,21955.0,61179.0,58304.0,58304.0,58304.0
US8085131055,,,,,,,,,,,,,,,,,,,,,,,,8409.0,8409.0,8409.0,8409.0
US8101861065,,,,,,,,,,,,,64029.0,63830.0,64339.0,66989.0,66989.0,66989.0,66989.0,260749.0,75460.1,63048.0,57481.0,82778.0,105661.0,105661.0,105661.0
US81211K1007,,,,,,,,,,,201443.0,199678.0,213798.0,209121.0,209121.0,209121.0,209121.0,209121.0,182471.0,134130.0,131377.0,123025.0,146113.0,109301.0,124142.0,158005.0,158005.0
US8168511090,,,,,,,,,,10700000.0,10300000.0,10053417.0,8200000.0,8200000.0,7500000.0,6700000.0,8100000.0,4900000.0,5200000.0,5900000.0,5500000.0,6700000.0,6600000.0,7164579.0,6751425.0,6751425.0,6751425.0
US8175651046,,,,,,,,,,,,,,,,,,,,,,,212196.0,126165.0,110537.0,109735.0,109735.0
US8243481061,,,,,,,,300526.0,234789.0,224807.0,226616.0,225382.63,244363.0,241734.0,263324.0,291565.0,286408.0,285665.0,361115.0,373582.0,398113.0,400196.0,387908.0,427035.0,434541.0,439037.0,439037.0
US8288061091,,,,,,,20844.0,18390.0,18390.0,18390.0,23996.0,23432.0,22605.0,21854.0,31854.0,24876.0,23019.0,20364.0,19392.0,16952.0,21017.0,14735.0,14735.0,22601.0,22241.0,22241.0,22241.0
US8326964058,,,,,,,,,,,,158025.0,178251.0,146606.9,138024.0,196643.0,115717.0,121695.0,121463.0,187932.0,206470.0,206236.0,209347.0,200796.0,197694.0,174830.0,174830.0
US8330341012,,,,,,,,,,,,,,,,,,,,,,,,40679.0,40601.0,32494.0,32494.0
US8354951027,,,,,,,,,,561000.0,555000.0,757907.0,731690.0,666576.0,675220.0,523806.0,526012.0,543399.0,546071.0,548927.0,681104.0,705184.0,772980.0,719260.0,646226.0,637605.0,637605.0
US8425871071,,,,,,,,,,,,,121000000.0,121000000.0,121000000.0,121000000.0,121000000.0,103900000.0,97534302.0,102232275.0,88213565.0,75111982.0,82465415.0,84875100.0,79264124.0,79253082.0,79253082.0
US84265V1052,,,,,,,,,,790000.0,440000.0,310000.0,550000.0,640000.0,640000.0,640000.0,640000.0,640000.0,640000.0,640000.0,1740000.0,1640000.0,1810000.0,2000000.0,1920000.0,2040000.0,2040000.0
US8447411088,,,,,,,,,,,13838695.0,13930902.0,17417734.0,18232474.0,17956473.0,17784227.0,18731062.0,19664622.0,20148910.0,20314512.0,20029020.0,12293977.0,16086422.0,18521364.0,20670103.0,20670103.0,20670103.0
US8454671095,,,,,,,,,,,,,,,,,,,3191000.0,437000.0,516000.0,1057000.0,1548000.0,1283000.0,1283000.0,1283000.0,1283000.0
US8485741099,,,,,,,,,,,,,,,,,,,,131730.0,139807.0,111070.0,126630.0,135663.0,135663.0,135663.0,135663.0
US8545021011,,,,,,,,,,,76514.0,100374.0,90693.0,90892.0,100165.0,100165.0,90668.0,79241.0,109840.0,109159.0,118711.0,99558.0,110288.0,116846.0,104121.0,104121.0,104121.0
US8552441094,,,,,,,,,,,228742.0,202398.0,228331.0,239972.0,270846.0,289340.0,328892.66,328892.66,291000.0,320000.0,376745.0,310000.0,350424.0,404148.0,389825.0,395666.0,395666.0
US8574771031,,,,,,,3601.0,4278.0,4600.0,5000.0,6764.0,5683.0,4890.0,7823.0,8158.0,7909.0,10645.0,8244.0,9680.0,9814.0,8943.0,8462.0,8071.0,7621.0,8257.0,8257.0,8257.0
US8581191009,,,,,,,,,,,,,,,,,,,,1867717.0,1758419.0,2376864.0,2492330.0,2719805.0,2750371.0,2750371.0,2750371.0
US8589121081,,,,,,,,,,,,,,,,,,,,,,449424.0,424109.0,414485.0,414485.0,414485.0,414485.0
US8636671013,,,,,,,,,,,,,,,,,,,,,53850.0,55583.0,53188.0,57383.0,54854.0,54854.0,54854.0
US8676524064,,,,,,,,,,,7244.0,9249.0,5182.0,1815.0,3849.0,3278.0,2626.0,2626.0,1769.0,1394.0,1394.0,1394.0,1394.0,1394.0,1394.0,1394.0,1394.0
US8716071076,,,,,,,,,,,,,,,,,,,,4666.0,4809.0,3041.0,4104.0,3600.0,3697.0,2273.0,2273.0
US87161C5013,,,,,,,,,,,,,,,,,,,,,2514.0,1376.0,2180.0,3569.0,3210.0,3240.0,3240.0
US8718291078,,,,,,,,,,,,,,,788200.0,788200.0,800977.0,849316.0,968831.0,1138283.0,1121153.0,918026.0,979339.0,1064620.0,1064620.0,1064620.0,1064620.0
US8725401090,,,,,,,,,,,48393.0,60930.0,60930.0,58479.0,63084.0,63084.0,63084.0,63084.0,80561.0,99906.0,109302.0,125782.0,105001.0,121653.0,128450.0,131022.0,143258.0
US8760301072,,,,,,,,,,,,,,,,,,1121.49,1038.0,1048.12,936.25,10941.0,3523.0,6600.0,5559.0,4584.0,4584.0
US87612E1064,,,,,,,133300.0,142600.0,248000.0,289000.0,310277.0,414968.0,414968.0,476783.0,527047.0,704580.0,701558.0,581567.0,730847.0,706176.0,755484.0,752552.0,699877.0,734799.0,779858.0,818148.0,867450.0
US8793691069,,,,,,,,,,,,,,,,,,,,,,,,,16126.0,16256.0,16256.0
US8794338298,,,,,,,,,,,,,,,,,,,,,,,,26774.0,29175.0,29175.0,29175.0
US8803491054,,,,,,,,,,,,,,,,,,,,200922.0,275518.0,220826.0,235465.0,235465.0,235465.0,235465.0,235465.0
US8807701029,,,,,,,,,,,2464.0,2343.0,2103.0,2039.0,2039.0,2039.0,2039.0,1982.0,1852.0,1979.0,1979.0,2442.0,2636.21,3927.78,3155.0,3155.0,3155.0
US8807791038,,,,,,,,,,,,,,,,,,,48490.0,44105.0,34178.0,28035.0,30493.0,31197.0,34287.0,34287.0,34287.0
US8825081040,,,,,,,,884058.0,891304.0,840000.0,675230.0,869565.0,820000.0,827275.0,938159.0,1065259.0,1085622.0,1076950.0,1161650.0,1159185.0,965463.0,938506.0,1040450.0,1112034.0,1120000.0,1010000.0,1010000.0
US8832031012,,,,,,,,,,,121491.0,129790.0,121645.0,117715.0,127785.0,166700.0,187000.0,186400.0,188546.0,203195.0,226553.0,197989.0,241798.0,268234.0,240815.0,230896.0,230896.0
US88337F1057,,,,,,,,,,,,,39800.0,37240.0,37240.0,37240.0,4695.0,4203.0,3070.0,3070.0,3070.0,3070.0,56787.0,50921.0,44202.0,38694.0,38694.0
US8835561023,,,,,,,,,,,,,68804.0,64863.0,61496.0,61496.0,92458.0,91083.0,92458.0,321190.0,325158.0,305332.0,326695.0,328438.0,330068.0,330068.0,330068.0
US8851601018,,,,,,,,,,,,,,,,,,,,,47638.0,46483.0,58507.0,58507.0,103532.0,51703.0,51703.0
US88579Y1010,,,,,,,12500000.0,5090000.0,6740000.0,5100000.0,3200000.0,4280000.0,4060000.0,4370000.0,5590000.0,4390000.0,3770000.0,4140000.0,3960000.0,4790000.0,4050000.0,3600000.0,2980000.0,2420000.0,2350000.0,1500000.0,1500000.0
US88642R1095,,,,,,,,,,,,,,,,,,,,,,721478.0,563742.0,860594.0,1074336.0,1129008.0,1129008.0
US8873891043,,,,,,,,,,,,,,,,,,,,99660.0,94460.0,109200.0,126030.0,131370.0,124770.0,111830.0,111830.0
US8910921084,,,,,,,,,,,,,,,,,,,,,35957.0,37332.0,36305.0,38379.0,36297.0,38740.0,38740.0
US89417E1091,,,,,,,,,,37075.0,37084.0,37084.0,36254.0,35633.0,35633.0,35633.0,35633.0,35633.0,26640.0,25591.0,23746.0,13500.0,12794.0,17828.0,19586.0,19069.0,19069.0
US8962391004,,,,,,,,,,,,,,,,,,,,5000.0,6172.0,9800.0,3800.0,5072.0,4180.0,2648.0,2648.0
US8965221091,,,,,,,,,,,,,,,,,,,,,84297.0,65355.0,41366.0,53753.0,50731.0,53054.0,53054.0
US89832Q1094,,,,,,,,,,,1942.0,1643.0,1643.0,1643.0,1643.0,1643.0,1643.0,1643.0,1643.0,1643.0,17524.0,12972.0,12740.0,13427.0,12840.0,13382.0,13382.0
US9024941034,,,,,,,,,1632653.0,2588235.0,2588235.0,2650800.0,2392000.0,2810501.0,3611885.0,3295082.0,3090000.0,2900000.0,3220000.0,3510000.0,4400000.0,3890000.0,3830000.0,3561979.0,3561979.0,3561979.0,3561979.0
US9026531049,,,,,,,,,,,,,,,,,,,,15100.0,15656.0,14565.0,16416.0,15997.0,16379.0,15933.0,15933.0
US9026811052,,,,,,,,,,,,,,,,,,,1273064.0,1261481.0,1389597.0,1239139.0,820557.0,1143247.0,1070316.0,1024385.0,1024385.0
US9029733048,,,,,,,,,32650.0,35809.0,39347.0,40445.0,45725.0,38055.0,38055.0,38055.0,38055.0,38055.0,38055.0,38055.0,38055.0,41461.0,41335.3,38206.3,36798.0,36798.0,36798.0
US9078181081,,,,,,,,,,,10030828.0,10771069.0,11854279.0,11595509.0,11153933.0,11850514.0,10834984.0,9913870.0,10216978.0,11313933.0,10083282.0,8896946.0,9236750.0,9266469.0,9156525.0,9156525.0,9156525.0
US9111631035,,,,,,,,,,,,100137.0,96113.0,96113.0,119965.73,133703.0,133703.0,133703.0,133703.0,427272.73,367481.0,398258.0,356689.0,368909.4,344074.0,344074.0,344074.0
US9113121068,,,,7264231.53,7264231.53,5740000.0,6120000.0,6460000.0,7470000.0,12100000.0,11430146.0,11713000.0,11980892.0,11716000.0,11770000.0,12000000.0,12205000.0,12432000.0,13047000.0,13851000.0,14223000.0,15088000.0,15668000.0,15845000.0,14499000.0,14408000.0,14408000.0
US9113631090,,,,,,,,,,,,,,,,242850.0,227008.0,245633.0,254994.0,334550.0,338526.0,355345.0,373717.0,399328.0,439887.0,462087.0,462087.0
US9129091081,,,,,,,,43274333.0,43274333.0,43274333.0,31304759.0,41698658.0,44358354.0,42729786.0,42729786.0,42729786.0,30779990.0,29190000.0,29810000.0,32460000.0,30280000.0,24720000.0,29030000.0,24360000.0,25830000.0,22830000.0,22830000.0
US91324P1021,,,,,,,,,,,,,,,,,16567.0,15838.0,16570.0,13933.0,17709.0,24487.0,131593.0,134165.0,139361.0,105782.0,105782.0
US91529Y1064,,,,,,,,,7066.0,7066.0,9880.0,9677.0,9465.0,7186.0,7186.0,7186.0,7186.0,7186.0,7186.0,7719.0,6686.0,5336.0,8022.0,6273.0,5823.0,5823.0,5823.0
US91913Y1001,,,,,,,,,34700000.0,34700000.0,34700000.0,34700000.0,34700000.0,25800000.0,25800000.0,25800000.0,25800000.0,25800000.0,25200000.0,25400000.0,24800000.0,23000000.0,23700000.0,26880000.0,27140000.06,26680000.0,26680000.0
US92276F1003,,,,,,,,,,,,,,43381.0,80731.0,88044.0,101611.0,81260.0,81729.0,83781.0,105753.3,106691.0,121591.0,158046.0,134659.0,134659.0,134659.0
US92343V1044,,,,,,,497856.0,537388.0,537388.0,537388.0,504922.0,567297.0,581272.0,512804.0,438414.0,487082.0,445704.0,372496.0,376735.0,385241.0,358753.0,336831.0,310145.0,273904.0,269333.0,269333.0,269333.0
US92532F1003,,,,,,,,,,,,,,,,,,,5957.0,5664.0,5834.0,5642.0,6128.0,8723.0,7670.0,8976.0,8976.0
US9255501051,,,,,,,,,,,,9664.0,8629.0,8577.0,5117.0,1358.0,1236.0,1414.0,1330.0,1528.0,1514.0,1514.0,1441.0,1445.0,1282.0,988.0,988.0
US92556V1061,,,,,,,,,,,,,,,,,302000.0,318000.0,329000.0,329000.0,318000.0,345152.0,355000.0,330521.0,334041.0,95000.0,95000.0
US9282981086,,,,,,,,,,,,,,,,,,,,31244.0,31244.0,31244.0,34099.0,29928.0,32864.0,32864.0,32864.0
US9290421091,,,,,,,,,,,,,,,,,,23094.0,23033.0,27040.0,19479.0,20562.0,20366.0,22334.0,21762.0,22586.0,22586.0
US9291601097,,,,,,,,,,,,342289.0,939303.0,1026870.0,1154980.0,549104.0,549261.0,580756.0,592159.0,588921.0,626221.0,625905.0,826863.0,929419.0,922983.0,921276.0,921276.0
US92922P1066,,,,,,,,,,,,,,,,,,,,280751.0,437676.0,393041.0,340977.0,350933.0,325446.0,325446.0,325446.0
US92939U1060,,,,,,21285656.0,21332372.0,20371519.0,28298994.0,21535270.0,18699365.0,20926674.0,22425000.0,18098000.0,30550000.0,29762000.0,31233000.0,29058000.0,29794000.0,27029000.0,21687000.0,19872000.0,21676000.0,18865000.0,19443500.0,19055000.0,19055000.0
US9297401088,,,,,,,,,,,,,,,,,,,74761.0,74761.0,74761.0,157920.0,136504.0,129787.0,131344.0,131344.0,131344.0
US9311421039,,,,,,,5204542.0,5801302.0,5801302.0,5801302.0,4814958.0,5966422.0,5922051.0,5804559.0,5605099.0,5605099.0,6760000.0,6110000.0,6650000.0,6100000.0,6101641.0,6484616.0,7236499.0,7321837.0,7880866.0,8110000.0,9030000.0
US9314271084,,,,,,,,,,,253203.0,280991.0,280991.0,280991.0,280991.0,280991.0,280991.0,120000.0,368000.0,370000.0,345000.0,301000.0,339000.0,323000.0,323000.0,309000.0,309000.0
US9344231041,,,,,,,,,,,,,,,,,,,,,,,,,46443.0,130342.0,130342.0
US94106L1098,,,,,,,,,,,23527470.0,24531046.0,18447494.0,18447494.0,18447494.0,18447494.0,16156667.0,16156667.0,15689993.0,16272144.0,15624632.0,16083220.0,16975400.0,15321700.0,14938700.0,13223300.0,13223300.0
US9418481035,,,,,,,,,,,,14605.0,12029.0,16533.0,17344.0,17344.0,13623.0,10200.0,10600.0,11600.0,10700.0,11000.0,11000.0,13000.0,12659.53,12659.53,12659.53
US9427491025,,,,,,,,,,,,,,,,,12804.0,13286.0,12613.0,11256.14,10892.27,11346.31,11845.0,11329.84,10125.0,10712.0,10712.0
US9497461015,,,,,,,40326.18,40326.18,40326.18,147100.0,142889.0,116858.0,105454.0,93904.0,100765.0,99496.0,90180.0,85628.0,85830.0,95316.0,86602.0,78087.0,73319.0,77476.0,82410.0,82410.0,82410.0
US95040Q1040,,,,,,,,,,,,,,5665.0,5984.0,6491.0,6930.0,7690.0,6953.0,115845.0,137120.0,126656.0,147308.0,152058.0,132897.0,154980.0,154980.0
US95058W1009,,,,,,,,,,,,,,,,,,,,,16319.51,15197.81,15467.84,14405.0,13013.0,14295.35,14295.35
US95082P1057,,,,,,,,,,,,,,,,34640.0,38734.0,31480.0,34801.0,38773.0,37269.0,52506.0,53202.91,51412.28,50693.57,50693.57,50693.57
US9581021055,,,,,,,,,,,8017.0,10717.0,10717.0,11796.0,35565.0,55465.0,29380.0,36568.0,56189.6,50190.3,49090.3,44643.4,46152.0,48310.7,139982.3,144034.0,144034.0
US9598021098,,,,,,,,,,,,,,,,,,,,,,,4828.0,4648.0,3901.0,3901.0,3901.0
US9604131022,,,,,,,,,,,,,,,,,,7910023.0,7383910.0,7333186.0,6224877.61,5761283.53,6280721.18,6382912.0,7482785.0,7570904.0,7570904.0
US96145D1054,,,,,,,,,,,,,,,,,5737700.0,6831050.0,5963840.0,6173757.0,6200598.0,6178533.0,6537030.0,6273921.0,5997083.0,5997083.0,5997083.0
US9621661043,,,,,,,6600000.0,6400000.0,1910000.0,1860000.0,1710000.0,1420000.0,1380000.0,1410000.0,1400000.0,1520000.0,490000.0,480000.0,500000.0,430000.0,420000.0,400000.0,400000.0,400000.0,400000.0,400000.0,400000.0
US9633201069,,,,,,,,,,259193.0,223199.0,233300.0,218728.0,344805.0,178448.0,215153.49,229799.0,241266.0,195274.0,178859.0,182097.0,191234.0,172392.0,151409.0,140806.0,121002.0,121002.0
US9682232064,,,,,,,,,,,,,,,,,,,,,,1854.0,1662.0,1814.0,1666.0,1025.0,1025.0
US9694571004,,,,,,,,,,15779074.0,16090704.0,16090704.0,16090704.0,16090704.0,16090704.0,16090704.0,16090704.0,13300000.0,12270000.0,10740000.0,13475074.01,12621609.0,12422098.0,13290768.0,13752315.0,13389355.6,13389355.6
US9699041011,,,,,,,,,,,,,,,,,,,,14581.0,14990.0,17537.0,20499.0,21678.0,23211.0,20864.0,20381.0
US9831341071,,,,,,,,,,,,,,,,,,,,,193213.0,155045.0,341552.0,310606.0,330693.0,330693.0,330693.0
US98389B1008,,,,,,,,,,,55192251.0,56075310.0,54746971.0,54472480.0,56535330.0,57593227.0,56978408.0,52832500.0,50919700.0,50723845.0,48061949.0,38867370.7,39500000.0,37960000.0,36180000.0,32660000.0,32660000.0
US9839191015,,,,,,,,,,,,,2056.0,1903.0,1685.0,1685.0,1685.0,1685.0,1621.0,1493.0,1663.0,1612.0,1612.0,1612.0,1612.0,1612.0,1612.0
US98421M1062,,,,,,,193000.0,174000.0,160000.0,181000.0,163000.0,163000.0,149000.0,132000.0,127000.0,119000.0,111000.0,99111.0,116000.0,109000.0,102000.0,94818.0,89035.0,86078.0,71495.0,71495.0,71495.0
US9884981013,,,,,,,,,,,,,83397.0,156510.0,156510.0,90894.0,124026.0,133309.0,107301.9,48046.5,23544.71,38907.0,39012.56,42919.18,38922.0,38922.0,38922.0
US9892071054,,,,,,,,,,,,,,,,,,,,,,2100.0,2300.0,2100.0,2600.0,2600.0,2600.0
US98956P1021,,,,,,,,,,,,6743.0,7213.0,11687.0,11687.0,11687.0,11687.0,11687.0,11687.0,11687.0,11687.0,11687.0,11687.0,11294.0,10615.0,10191.0,10191.0
US9897011071,,,,,,,,,,,,,,,,,,,,,,,,,1689.0,1689.0,1689.0
